,Name,Name2,Name3
0,1787 Project Inc.,1787 Project Inc.,1787 Project Inc.
1,208 Custom Gear (Customer),208 Custom Gear (Customer),
2,4 Sight Security,4 Sight Security,"4 Sight Security, LLC."
3,4-H,4-H,
4,4THBIN,4THBIN,4THBIN
5,7 Point Construction,7 Point Construction,7 Point Construction
6,A Fence Utah,A Fence Utah,A Fence Utah
7,A&G Auto Glass,A&G Auto Glass,A&G Auto Glass
8,A+ Pest Control,A+ Pest Control,A+ Pest Control
9,AACS,AACS,AACS
10,Aaron Hansen,Aaron Hansen,
11,ABC Dental,ABC Dental,ABC Dental
12,Above & Beyond ABA Therapy,Above & Beyond ABA Therapy,Above & Beyond ABA Therapy
13,AC Doctors,AC Doctors,AC Doctors
14,Academy of Beauty Professionals,Academy of Beauty Professionals,Academy of Beauty Professionals
15,Access TR,Access TR,Access TR
16,Active Match,Active Match,Active Match
17,AdoptionLife.ORG,AdoptionLife.ORG,AdoptionLife.Org
18,Advance Pain Medical Center,Advance Pain Medical Center,Advance Pain Medical Center
19,Advanced Health Chiropractic and Massage,Advanced Health Chiropractic and Massage,Advanced Health Chiropractic and Massage
20,Advanced Health Chiropractic of Blackfoot,Advanced Health Chiropractic of Blackfoot,Advanced Health Chiropractic of Blackfoot
21,Adventure Motorsports,Adventure Motorsports,Adventure Motorsports
22,Affordable Foundation & Home Repairs,Affordable Foundation & Home Repairs,Affordable Foundation & Home Repairs
23,Airbotx,Airbotx,
24,Aire Force One Heating,Aire Force One Heating,Aire Force One Heating
25,Alameda Automotive,Alameda Automotive,
26,Albe Construction LLC,Albe Construction LLC,
27,Aletha Cox,Aletha Cox,
28,Alexandretta Transportation Consulting Inc,Alexandretta Transportation Consulting Inc,Alexandretta Transportation Consulting Inc
29,Alexandria Hawker,Alexandria Hawker,
30,All American Rooter,All American Rooter,
31,All Time Mechanical Conctractors,All Time Mechanical Conctractors,All Time Mechanical Conctractors
32,All Weather Doors & Windows,All Weather Doors & Windows,
33,Allyson Pearson,Allyson Pearson,
34,Alpine Pain & Regenative Medicine,Alpine Pain & Regenative Medicine,Alpine Pain & Regenative Medicine
35,"Alter Systems, LLC","Alter Systems, LLC","Alter Systems, LLC"
36,American Consultants,American Consultants,American Consultants
37,American First Reverse,American First Reverse,American First Reverse
38,Andersen Hitches,Andersen Hitches,Andersen Hitches
39,Andrew Parrish,Andrew Parrish,
40,Angie Truman,Angie Truman,
41,Animal Health Clinic,Animal Health Clinic,
42,Animal Health Clinic vet,Animal Health Clinic vet,
43,Anna-Dashay MedSpa,Anna-Dashay MedSpa,Anna-Dashay MedSpa
44,Anvil Appliances,Anvil Appliances,Anvil Appliances
45,"Apache Pine, LC","Apache Pine, LC","Apache Pine, LC"
46,APEX Biologix,APEX Biologix,APEX Biologix
47,Apex Locating Services,Apex Locating Services,Apex Locating Services
48,Apex Theraputic Services,Apex Theraputic Services,Apex Theraputic Services
49,Arbor Equity,Arbor Equity,Arbor Equity
50,Armor Pest Defense,Armor Pest Defense,Armor Pest Defense
51,Aimvo Pest Control,Armor Pest Defense:Aimvo Pest Control,Aimvo Pest Control
52,Artisan Cabinetry & Millwork,Artisan Cabinetry & Millwork,Artisan Cabinetry & Millwork
53,Association Analytics,Association Analytics,Association Analytics
54,Atlanta Compressor,Atlanta Compressor,Atlanta Compressor
55,Attyx,Attyx,Attyx
56,ATW Investments,ATW Investments,ATW Investments
57,Audrey and Bear,Audrey and Bear,Audrey and Bear
58,Avalon Institute,Avalon Institute,Avalon Institute
59,Avenue Five Institute,Avenue Five Institute,Avenue Five Institute
60,"AvePoint, Inc.","AvePoint, Inc.","AvePoint, Inc."
61,AXA ASISTENCIA COLOMBIA S.A.,AXA ASISTENCIA COLOMBIA S.A.,AXA ASISTENCIA COLOMBIA S.A.
62,AXA Assistance Argentina,AXA Assistance Argentina,AXA Assistance Argentina
63,AXA Assistance Mexico S.A. DE C.V.,AXA Assistance Mexico S.A. DE C.V.,AXA Assistance Mexico S.A. DE C.V.
64,AXA-Assistance USA,AXA-Assistance USA,AXA-Assistance USA
65,"Aztec Software, LLC","Aztec Software, LLC","Aztec Software, LLC"
66,B&B Organizing,B&B Organizing,B&B Organizing
67,BAB Crew,BAB Crew,
68,Baker & Harris Law Firm,Baker & Harris Law Firm,
69,Baker & Harris Trust Account,Baker & Harris Trust Account,
70,"BAM Shifts, LLC","BAM Shifts, LLC","BAM Shifts, LLC"
71,BANKCARD         MTOT DEP   4223,BANKCARD         MTOT DEP   4223,
72,Bannock County 4H,Bannock County 4H,Bannock County 4H
73,Bare Laser Medspa,Bare Laser Medspa,Bare Laser Medspa
74,Baudville,Baudville,Baudville
75,Delightly,Baudville:Delightly,Delightly
76,Recognation,Baudville:Recognation,Recognation
77,BCCLC,BCCLC,BCCLC
78,BE Plastics,BE Plastics,BE Plastics
79,Bear Lake Boats,Bear Lake Boats,Bear Lake Boats
80,Bear Lake Lodging,Bear Lake Lodging,
81,Beast Sports Nutrition,Beast Sports Nutrition,
82,Beck Law Offices,Beck Law Offices,Beck Law Offices
83,Becky,Becky,Cowboys Stockings
84,Beehive Credit Union,Beehive Credit Union,Beehive Credit Union
85,Ben Crockrell,Ben Crockrell,Prime Pest Control
86,Benworth Capital,Benworth Capital,
87,Bequet Confections,Bequet Confections,Bequet Confections
88,Berify,Berify,
89,Best Choice Roofing,Best Choice Roofing,Best Choice Roofing
90,Best Vinyl LLC,Best Vinyl LLC,
91,Big Fish Bite Me,Big Fish Bite Me,Big Fish Bite Me
92,Bill.com,Bill.com,
93,Billie Gibson,Billie Gibson,
94,Bingham Bites,Bingham Bites,Bingham Bites
95,Bingham County 4-H,Bingham County 4-H,Bingham County 4-H
96,Bingham County Customer,Bingham County Customer,Bingham County Customer
97,Bingham Crisis Center,Bingham Crisis Center,
98,Bingham Ground Water District,Bingham Ground Water District,Bingham Ground Water District
99,Bingham Healthcare,Bingham Healthcare,
100,Bingham Memorial Hospital,Bingham Memorial Hospital,Bingham Memorial Hospital
101,Bingham Urban Renewal Agency,Bingham Urban Renewal Agency,
102,Birddogs,Birddogs,Birddogs
103,Bison Curbing,Bison Curbing,
104,BKC Pain Specialists and Regenerative Clinic,BKC Pain Specialists and Regenerative Clinic,BKC Pain Specialists and Regenerative Clinic
105,Black Bird Seven,Black Bird Seven,
106,Blackers Appliance,Blackers Appliance,Blackers Appliance
107,Blackfoot Anarchy,Blackfoot Anarchy,Blackfoot Anarchy
108,Blackfoot Animal Clinic,Blackfoot Animal Clinic,Blackfoot Animal Clinic
109,Blackfoot Art Center,Blackfoot Art Center,Blackfoot Art Center
110,Blackfoot Broncos Youth,Blackfoot Broncos Youth,Blackfoot Broncos Youth
111,Blackfoot Chamber Of Commerce (Customer),Blackfoot Chamber Of Commerce (Customer),
112,Blackfoot Community Center,Blackfoot Community Center,
113,Blackfoot Community Players,Blackfoot Community Players,Blackfoot Community Players
114,Blackfoot Education Association,Blackfoot Education Association,
115,Blackfoot Family Dentistry,Blackfoot Family Dentistry,Blackfoot Family Dentistry
116,Blackfoot Golf Course,Blackfoot Golf Course,
117,Blackfoot High School,Blackfoot High School,Blackfoot High School
118,Blackfoot High School Soccer,Blackfoot High School Soccer,Blackfoot High School Soccer
119,Blackfoot Laundromat,Blackfoot Laundromat,Blackfoot Laundromat
120,Blackfoot Marathon,Blackfoot Marathon,
121,Blackfoot Northwest Stake Basketball,Blackfoot Northwest Stake Basketball,Blackfoot Northwest Stake Basketball
122,Blackfoot Performing Arts Center,Blackfoot Performing Arts Center,Blackfoot Performing Arts Center
123,Blackfoot River Bowmen,Blackfoot River Bowmen,Blackfoot River Bowmen
124,Blackfoot School District,Blackfoot School District,Blackfoot School District
125,Blackfoot South Stake,Blackfoot South Stake,Blackfoot South Stake
126,Blackfoot Swimming Pool,Blackfoot Swimming Pool,
127,"Blackfoot We The People, Non-Profit","Blackfoot We The People, Non-Profit","Blackfoot We The People, Non-Profit"
128,"Blackfoot, City of","Blackfoot, City of","Blackfoot, City of"
129,Blackhawk BBQ (Customer),Blackhawk BBQ (Customer),
130,Blaine Wright Realtor,Blaine Wright Realtor,Blaine Wright Realtor
131,Blockwatch,Blockwatch,Blockwatch
132,Blue Collar Nation,Blue Collar Nation,
133,Blue Haven French Bulldogs,Blue Haven French Bulldogs,Blue Haven French Bulldogs
134,Boise Image,Boise Image,Boise Image
135,Boom Sourcing,Boom Sourcing,Boom Sourcing
136,Boom Demand,Boom Sourcing:Boom Demand,Boom Demand
137,Border Land Trailers,Border Land Trailers,
138,Borderless Bags,Borderless Bags,
139,Bosch Financial,Bosch Financial,Bosch Financial
140,Boulder Guitar,Boulder Guitar,
141,Bower's Towing,Bower's Towing,
142,Box Out Marketing Customer,Box Out Marketing Customer,Box Out Marketing Customer
143,Boxercraft,Boxercraft,Boxercraft
144,Brad Findlay,Brad Findlay,Findlay Well Drilling
145,Brandon Ellis,Brandon Ellis,
146,Brandon Falter,Brandon Falter,
147,Brandon Jackman,Brandon Jackman,
148,Brian Basinger CPA,Brian Basinger CPA,
149,"Brian Francis, DMD","Brian Francis, DMD","Brian Francis, DMD"
150,Brian Murdock,Brian Murdock,Brian Murdock
151,Bright Pest Control,Bright Pest Control,Bright Pest Control
152,Briscoe,Briscoe,
153,Browns Insurance,Browns Insurance,
154,Brush Towel,Brush Towel,Brush Towel
155,Bryant Hafen,Bryant Hafen,
156,BTEC Committe,BTEC Committe,
157,Buckeye Targets,Buckeye Targets,Buckeye Targets
158,Building Hope Today,Building Hope Today,Building Hope Today
159,Built Cabinets,Built Cabinets,Built Cabinets
160,BYU Pathway Worldwide,BYU Pathway Worldwide,BYU Pathway Worldwide
161,C&R Magazine,C&R Magazine,
162,C-A-L Ranch Stores,C-A-L Ranch Stores,C-A-L Ranch Stores
163,C3 Insulation,C3 Insulation,C3 Insulation
164,Cache Capital Partners (CCP),Cache Capital Partners (CCP),Cache Capital Partners (CCP)
165,Cache Commodities,Cache Commodities,
166,CageRat Baseball,CageRat Baseball,CageRat Baseball
167,Callahan Clinic,Callahan Clinic,Callahan Clinic
168,Campus Emporium,Campus Emporium,Campus Emporium
169,Cannon Builders,Cannon Builders,Cannon Builders
170,Carmine's Peppers,Carmine's Peppers,
171,Carolyn Anderson Photography,Carolyn Anderson Photography,Carolyn Anderson Photography
172,Carter Ranch Productions,Carter Ranch Productions,Carter Ranch Productions
173,Case Interview,Case Interview,Case Interview
174,Casey Peterson,Casey Peterson,
175,Cassidy Shoaf,Cassidy Shoaf,
176,CBI Offroad,CBI Offroad,CBI Offroad
177,Peak Suspension,CBI Offroad:Peak Suspension,Peak Suspension
178,Prinsu,CBI Offroad:Prinsu,Prinsu
179,CE Medical Group,CE Medical Group,CE Medical Group
180,Cedar Hills Gun Club,Cedar Hills Gun Club,Cedar Hills Gun Club
181,CH Lawn Maintenance,CH Lawn Maintenance,
182,Chamber of Commerce Blackfoot,Chamber of Commerce Blackfoot,Chamber of Commerce Blackfoot
183,Champion Puppy Training,Champion Puppy Training,Champion Puppy Training
184,"Channel Blend, Inc.","Channel Blend, Inc.","Channel Blend, Inc."
185,Chapolera Coffee Company,Chapolera Coffee Company,Chapolera Coffee Company
186,Chesbro Music Co.,Chesbro Music Co.,Chesbro Music Co.
187,Cheyanne Bynum,Cheyanne Bynum,
188,Chocolate Plunge,Chocolate Plunge,Chocolate Plunge
189,Christen Quakenbush,Christen Quakenbush,
190,Christi Kotter,Christi Kotter,Blackfoot High School Volleyball
191,Christmas Light Wholesalers,Christmas Light Wholesalers,Christmas Light Wholesalers
192,Christmas Tree Fantasy,Christmas Tree Fantasy,Christmas Tree Fantasy
193,CHS Bingham Coop,CHS Bingham Coop,CHS Bingham Coop
194,Ciclismo Classico Inc.,Ciclismo Classico Inc.,Ciclismo Classico Inc.
195,Cinetransformer,Cinetransformer,Cinetransformer
196,Citrus Solar,Citrus Solar,Citrus Solar
197,City of Malad,City of Malad,City of Malad
198,Clear,Clear,Clear
199,Clearway Pain,Clearway Pain,Clearway Pain
200,"Clicks Media, LLC","Clicks Media, LLC","Clicks Media, LLC"
201,Clint Arave,Clint Arave,
202,closet Craft,closet Craft,
203,Closet Hub,Closet Hub,
204,Club Volleyball,Club Volleyball,Club Volleyball
205,Coastal Windows & Exteriors,Coastal Windows & Exteriors,Coastal Windows & Exteriors
206,Coatney Fence,Coatney Fence,Coatney Fence
207,Cody Shelley,Cody Shelley,
208,Collaborative Scholarship Network,Collaborative Scholarship Network,
209,College Success Formula,College Success Formula,College Success Formula
210,Collier Metal Works,Collier Metal Works,Collier Metal Works
211,Collins  True Brands,Collins  True Brands,Collins True Brands
212,Comfort Care Dental - IF,Comfort Care Dental - IF,Comfort Care Dental - IF
213,Comfort Care Dental - Poc,Comfort Care Dental - Poc,Comfort Care Dental - Poc
214,Common Good,Common Good,Common Good
215,Community Family Clinic,Community Family Clinic,Community Family Clinic
216,"Competition Auto Sales, Inc.","Competition Auto Sales, Inc.","Competition Auto Sales, Inc."
217,Complete Family Eye Care,Complete Family Eye Care,Complete Family Eye Care
218,Computershare,Computershare,
219,Concordia Development Group,Concordia Development Group,Concordia Development Group
220,Concordia Healthcare,Concordia Healthcare,Concordia Healthcare
221,Cooke City Motorsports,Cooke City Motorsports,Cooke City Motorsports
222,Cookie Co,Cookie Co,Cookie Co
223,Copper State Dermatology and MOHS Surgery,Copper State Dermatology and MOHS Surgery,Copper State Dermatology and MOHS Surgery
224,Core Health Strategies,Core Health Strategies,Core Health Strategies
225,Corey Dahle,Corey Dahle,
226,Corhaven Properties,Corhaven Properties,Corhaven Properties
227,Country Grove Apartments,Country Grove Apartments,Country Grove Apartments
228,Countryside Auto,Countryside Auto,Countryside Auto
229,Cowboy Tom's Flapjacks,Cowboy Tom's Flapjacks,Cowboy Tom's Flapjacks
230,Craft Remedy,Craft Remedy,Craft Remedy
231,Craig Stuart for Mayor,Craig Stuart for Mayor,Craig Stuart for Mayor
232,Crown Brush,Crown Brush,Crown Brush
233,CTS Service Solutions,CTS Service Solutions,CTS Service Solutions
234,Curt Lane,Curt Lane,
235,Curtis Cannon,Curtis Cannon,
236,Cut N Run Hair,Cut N Run Hair,Cut N Run Hair
237,Cutting Edge Lawn Mowing,Cutting Edge Lawn Mowing,Cutting Edge Lawn Mowing
238,Cynch Cosmetics,Cynch Cosmetics,Cynch Cosmetics
239,Daily Health Checks,Daily Health Checks,Daily Health Checks
240,Dan the Breathwork Man,Dan the Breathwork Man,Dan the Breathwork Man
241,Dannys Tire Shop LLC,Dannys Tire Shop LLC,Dannys Tire Shop LLC
242,Darcie Watt,Darcie Watt,
243,Data Intensity,Data Intensity,Data Intensity
244,Delicious Family Dinners,Delicious Family Dinners,Delicious Family Dinners
245,Doable Wellness,Delicious Family Dinners:Doable Wellness,Doable Wellness
246,Densmore,Densmore,Densmore
247,Derek  Preece,Derek  Preece,Blackfoot LDS Stake
248,Dermacademy,Dermacademy,Dermacademy
249,Dermalogica,Dermalogica,Dermalogica
250,Dermalogica UK,Dermalogica UK,Dermalogica UK
251,Dermalogica Ireland,Dermalogica UK:Dermalogica Ireland,Dermalogica Ireland
252,Designs By YUKI,Designs By YUKI,
253,Dirt Dynamics Excavating,Dirt Dynamics Excavating,Dirt Dynamics Excavating
254,DO NOT USE,DO NOT USE,DO NOT USE
255,Docutech LLC,Docutech LLC,Docutech LLC
256,Double M Supply,Double M Supply,Double M Supply
257,Doug's Repair,Doug's Repair,Doug's Repair
258,Dr Dennis  Hatch DDS,Dr Dennis  Hatch DDS,
259,Dr Joseph C Sheehy,Dr Joseph C Sheehy,Dr Joe Sheehy
260,Dr. Brizzie,Dr. Brizzie,
261,Dr. Von J Kunz DDS,Dr. Von J Kunz DDS,
262,Drain Doctors Plumbing and Rooter,Drain Doctors Plumbing and Rooter,Drain Doctors Plumbing and Rooter
263,Draper Ortho,Draper Ortho,Draper Ortho
264,Dream Steam Inc.,Dream Steam Inc.,Dream Steam Inc.
265,Dripoholic,Dripoholic,Dripoholic
266,Driscoll Management,Driscoll Management,Driscoll Management
267,Driscoll Brothers,Driscoll Management:Driscoll Brothers,Driscoll Brothers
268,Driscoll Farms,Driscoll Management:Driscoll Farms,
269,Driscoll Potatoes,Driscoll Management:Driscoll Potatoes,Driscoll Potatoes
270,Driscoll Trucking,Driscoll Management:Driscoll Trucking,Driscoll Trucking
271,Ducks Unlimited - Idaho Chapter,Ducks Unlimited - Idaho Chapter,
272,E Wedding Bands,E Wedding Bands,"EWB Holdings, LLC."
273,Eagle Bank and Trust Mortgage Division,Eagle Bank and Trust Mortgage Division,Eagle Bank and Trust Mortgage Division
274,Eagle Rock Gun School and Range,Eagle Rock Gun School and Range,Eagle Rock Gun School and Range
275,East Idaho Seniors,East Idaho Seniors,East Idaho Seniors
276,Eastern Idaho State Fair,Eastern Idaho State Fair,Eastern Idaho State Fair
277,Echo Bee Removal,Echo Bee Removal,Echo Bee Removal
278,"Econ Mortgage, LLC","Econ Mortgage, LLC","Econ Mortgage, LLC"
279,Edward Jones,Edward Jones,
280,EISF - Auction,EISF - Auction,
281,El Elote,El Elote,El Elote
282,Crazy Corn,El Elote:Crazy Corn,Crazy Corn
283,Elevated Land Surveying,Elevated Land Surveying,Elevated Land Surveying
284,"Elevation Marketing, LLC","Elevation Marketing, LLC","Elevation Marketing, LLC"
285,Elite Backgrounds,Elite Backgrounds,Elite Backgrounds
286,Elite Restaurant Equipment,Elite Restaurant Equipment,Elite Restaurant Equipment
287,Ellis Chiropractic,Ellis Chiropractic,Ellis Chiropractic
288,Emergency Dental,Emergency Dental,Emergency Dental
289,Emergency Restoration Services,Emergency Restoration Services,
290,EMP Merchants,EMP Merchants,EMP Merchants
291,English Tutor,English Tutor,English Tutor
292,Enhanced Scanning,Enhanced Scanning,Enhanced Scanning
293,Ensign College,Ensign College,Ensign College
294,EntreThrive,EntreThrive,EntreThrive
295,Envoy,Envoy,
296,ERX,ERX,
297,Escape the Macabre Murders,Escape the Macabre Murders,Escape the Macabre Murders
298,Essential Screens,Essential Screens,Essential Screens
299,Evocom,Evocom,Evocom
300,Expressions Vinyl,Expressions Vinyl,Expressions Vinyl
301,Extranomical Tours,Extranomical Tours,Extranomical Tours
302,Extreme Cleaning and Restoration,Extreme Cleaning and Restoration,
303,Eyecare of Blackfoot,Eyecare of Blackfoot,Eyecare of Blackfoot
304,Eyecare of Rigby,Eyecare of Rigby,Eyecare of Rigby
305,Fabric.com,Fabric.com,
306,Fall River Propane,Fall River Propane,Fall River Propane
307,Family First Dental,Family First Dental,Family First Dental
308,Family Medical Clinic of Chubbuck,Family Medical Clinic of Chubbuck,Family Medical Clinic of Chubbuck
309,Farm Bureau Insurance,Farm Bureau Insurance,Farm Bureau Insurance
310,Farm Fresh Fundraisers,Farm Fresh Fundraisers,Farm Fresh Fundraisers
311,Farnsworth & Gordon Automotive,Farnsworth & Gordon Automotive,Farnsworth & Gordon Automotive
312,FATSTAF,FATSTAF,FATSTAF
313,Final Cut Synthetic Turf,Final Cut Synthetic Turf,Final Cut Synthetic Turf
314,Fireballs,Fireballs,Fireballs
315,First Choice Insurance,First Choice Insurance,First Choice Insurance
316,Fitzone On The Fly,Fitzone On The Fly,Fitzone On The Fly
317,Flippin Awesome Coaching,Flippin Awesome Coaching,Flippin Awesome Coaching
318,FLIPR,FLIPR,
319,Florida Water Treatment Co.,Florida Water Treatment Co.,Florida Water Treatment Co.
320,Flowers Flooring,Flowers Flooring,Flowers Flooring
321,"Flying Pig Farm, Inc","Flying Pig Farm, Inc","Flying Pig Farm, Inc"
322,Focal Point Coaching,Focal Point Coaching,Focal Point Coaching
323,Foothills Dental,Foothills Dental,Foothills Dental
324,Fox Web Stores,Fox Web Stores,Fox Web Stores
325,Fresh Fill,Fresh Fill,Fresh Fill Meals
326,FRNDS Agency,FRNDS Agency,FRNDS Agency
327,Fusion Physical Medical Center,Fusion Physical Medical Center,Fusion Physical Medical Center/Dr. Brizzie
328,G&D Trucking,G&D Trucking,G&D Trucking
329,Gale Lim Construction,Gale Lim Construction,Gale Lim Construction
330,Garage and Closet Craft,Garage and Closet Craft,Garage and Closet Craft
331,Garcia Legacy Group,Garcia Legacy Group,
332,"Gearhead.com, LLC","Gearhead.com, LLC","Gearhead.com, LLC"
333,Geary LSF Group,Geary LSF Group,Geary LSF Group
334,Gem Village,Gem Village,Gem Village
335,Gene Juarez Academy,Gene Juarez Academy,Gene Juarez Academy
336,General,General,General
337,Get Felyx,Get Felyx,Get Felyx
338,Get Found First,Get Found First,Get Found First
339,Gigworx LLC,Gigworx LLC,Gigworx LLC
340,"GinFin, PLLC.","GinFin, PLLC.","GinFin, PLLC."
341,Glean + Co,Glean + Co,Glean + Co
342,Glen Lattin,Glen Lattin,
343,Glitz Academy,Glitz Academy,Glitz Academy
344,Global Credit Coach,Global Credit Coach,
345,Gold RX,Gold RX,Gold RX
346,Golf Course Prints,Golf Course Prints,Golf Course Prints
347,Good Co. Broker Club,Good Co. Broker Club,Good Co. Broker Club
348,Good Planet,Good Planet,Good Planet
349,GoodLife Senior Living and Memory Care,GoodLife Senior Living and Memory Care,GoodLife Senior Living and Memory Care
350,Goodly Pay,Goodly Pay,Goodly Pay
351,Google LLC,Google LLC,Google LLC
352,GPR Consortium,GPR Consortium,GPR Consortium
353,Grand Rapids Chair Company,Grand Rapids Chair Company,Grand Rapids Chair Company
354,Only Good Things,Grand Rapids Chair Company:Only Good Things,Only Good Things
355,Green Arrow Painting,Green Arrow Painting,Green Arrow Painting
356,Greg Doncouse,Greg Doncouse,
357,Greg Wieland,Greg Wieland,
358,Grid Iron Turf Solutions LLC,Grid Iron Turf Solutions LLC,Grid Iron Turf Solutions LLC
359,Grove City Gardens,Grove City Gardens,Grove City Gardens
360,Gulf Coast Pain Consultants LLC. dba Clearway Pain Solutions Institute,Gulf Coast Pain Consultants LLC. dba Clearway Pain Solutions Institute,Gulf Coast Pain Consultants LLC. dba Clearway Pain Solutions Institute
361,Gunsafe.com,Gunsafe.com,Gunsafe.com
362,Habitations RDG,Habitations RDG,Habitations RDG
363,Hailey Pratt,Hailey Pratt,
364,Handknitting.com,Handknitting.com,Handknitting.com
365,Happy Dog Naturals,Happy Dog Naturals,Happy Dog Naturals
366,Happy Smiles,Happy Smiles,Happy Smiles
367,"Happy Smiles (Hart Group Investments, LLC)","Happy Smiles (Hart Group Investments, LLC)","Happy Smiles (Hart Group Investments, LLC)"
368,Hard Hat Plumbing and Rooter,Hard Hat Plumbing and Rooter,Hard Hat Plumbing and Rooter
369,Hasselbring Team,Hasselbring Team,Hasselbring Team
370,Hawaii Fluid Art - Atlanta,Hawaii Fluid Art - Atlanta,Hawaii Fluid Art - Atlanta
371,Hawaii Fluid Art - Castle Rock,Hawaii Fluid Art - Castle Rock,Hawaii Fluid Art - Castle Rock
372,Hawaii Fluid Art - Cedar Hill,Hawaii Fluid Art - Cedar Hill,Hawaii Fluid Art - Cedar Hill
373,Hawaii Fluid Art - Coppel,Hawaii Fluid Art - Coppel,Hawaii Fluid Art - Coppel
374,Hawaii Fluid Art - Denton,Hawaii Fluid Art - Denton,Hawaii Fluid Art - Denton
375,Hawaii Fluid Art - Flower Mound,Hawaii Fluid Art - Flower Mound,Hawaii Fluid Art - Flower Mound
376,Hawaii Fluid Art - Fort Worth,Hawaii Fluid Art - Fort Worth,Hawaii Fluid Art - Fort Worth
377,Hawaii Fluid Art - Franklin,Hawaii Fluid Art - Franklin,Hawaii Fluid Art - Franklin
378,Hawaii Fluid Art - Greenville,Hawaii Fluid Art - Greenville,Hawaii Fluid Art - Greenville
379,Hawaii Fluid Art - Kansas City,Hawaii Fluid Art - Kansas City,Hawaii Fluid Art - Kansas City
380,Hawaii Fluid Art - Las Vegas,Hawaii Fluid Art - Las Vegas,Hawaii Fluid Art - Las Vegas
381,Hawaii Fluid Art - Lubbock,Hawaii Fluid Art - Lubbock,Hawaii Fluid Art - Lubbock
382,Hawaii Fluid Art - Mt Juliet,Hawaii Fluid Art - Mt Juliet,Hawaii Fluid Art - Mt Juliet
383,Hawaii Fluid Art - Omaha,Hawaii Fluid Art - Omaha,Hawaii Fluid Art - Omaha
384,Hawaii Fluid Art - Salt Lake City,Hawaii Fluid Art - Salt Lake City,Hawaii Fluid Art - Salt Lake City
385,Hawaii Fluid Art - San Diego,Hawaii Fluid Art - San Diego,Hawaii Fluid Art - San Diego
386,Hawaii Fluid Art - Waikoloa,Hawaii Fluid Art - Waikoloa,Hawaii Fluid Art - Waikoloa
387,Hays Academy,Hays Academy,Hays Academy
388,HDMS LLC dba Holiday Designs,HDMS LLC dba Holiday Designs,HDMS LLC dba Holiday Designs
389,Heidi Cornell,Heidi Cornell,
390,Heritage Health,Heritage Health,Heritage Health
391,High Tech Comfort - Elevate Capital,High Tech Comfort - Elevate Capital,High Tech Comfort - Elevate Capital
392,High Valley Dermatology,High Valley Dermatology,High Valley Dermatology
393,Highmark Lawn,Highmark Lawn,
394,Hillary Kirwan,Hillary Kirwan,
395,Himalaya Pest Control,Himalaya Pest Control,Himalaya Pest Control
396,HiStakes-Spelt,HiStakes-Spelt,HiStakes-Spelt
397,"Hobby Time Equipment, LLC","Hobby Time Equipment, LLC","Hobby Time Equipment, LLC"
398,Hogue Clinics LOA,Hogue Clinics LOA,Hogue Clinics LOA
399,Home Care Pulse,Home Care Pulse,Home Care Pulse
400,Home Ranch Livestock,Home Ranch Livestock,Home Ranch Livestock
401,Homes of Idaho,Homes of Idaho,Homes of Idaho
402,Homestead Assisted Living,Homestead Assisted Living,Homestead Assisted Living
403,Hopkins Packing,Hopkins Packing,
404,Hotel Casa Bonita S.A. de C.V.,Hotel Casa Bonita S.A. de C.V.,Hotel Casa Bonita S.A. de C.V.
405,Hoye Tractor Parts,Hoye Tractor Parts,Hoye Tractor Parts
406,Humble Corp,Humble Corp,Humble Corp
407,"Hyper Defense, LLC","Hyper Defense, LLC","Hyper Defense, LLC"
408,"I Drive Entertainment, LLC","I Drive Entertainment, LLC","I Drive Entertainment, LLC"
409,Ian Layton,Ian Layton,
410,Idaho Ag Credit,Idaho Ag Credit,Idaho Ag Credit
411,Idaho Central Credit Union,Idaho Central Credit Union,Idaho Central Credit Union
412,Idaho Concrete Raising,Idaho Concrete Raising,Idaho Concrete Raising
413,Idaho Falls Country Club,Idaho Falls Country Club,Idaho Falls Country Club
414,Idaho Pain & Spine Consultants Burley,Idaho Pain & Spine Consultants Burley,Idaho Pain & Spine Consultants Burley
415,Idaho Pathology Lab,Idaho Pathology Lab,Idaho Pathology Lab
416,Idaho Podiatric Medical Association,Idaho Podiatric Medical Association,Idaho Podiatric Medical Association
417,Idaho Pork Producers,Idaho Pork Producers,Idaho Pork Producers
418,Idaho Potato Museum,Idaho Potato Museum,
419,Idaho Pumpers,Idaho Pumpers,
420,Idaho Spine and Pain,Idaho Spine and Pain,Idaho Spine and Pain
421,Idaho Sports Network,Idaho Sports Network,Idaho Sports Network
422,Idaho State Controller's Office,Idaho State Controller's Office,Idaho State Controller's Office
423,Idaho State University,Idaho State University,Idaho State University
424,Idaho Workforce,Idaho Workforce,Idaho Workforce
425,Idaho Youth Horse Council,Idaho Youth Horse Council,Idaho Youth Horse Council
426,IdahoXCycle,IdahoXCycle,IdahoXCycle
427,Idea 2 Parts,Idea 2 Parts,Idea 2 Parts
428,IDFAPA,IDFAPA,
429,IdVille,IdVille,
430,Impact Drafting and Design,Impact Drafting and Design,Impact Drafting and Design
431,Imperial Asphalt,Imperial Asphalt,Imperial Asphalt
432,Inamund Trading,Inamund Trading,Inamund Trading
433,Inc Stores,Inc Stores,Inc Stores
434,Infanger Insurance,Infanger Insurance,Infanger Insurance
435,Insurance Agency Training,Insurance Agency Training,Insurance Agency Training
436,Insured Titles,Insured Titles,
437,Integrity Roofing,Integrity Roofing,Integrity Roofing
438,Inter Partner Assistance Prestadora de Serviços de Assistência 24hs Ltda,Inter Partner Assistance Prestadora de Serviços de Assistência 24hs Ltda,Inter Partner Assistance Prestadora de Serviços de Assistência 24hs Ltda
439,Intermountain Regenerative Medicine,Intermountain Regenerative Medicine,Intermountain Regenerative Medicine
440,Intimate Rose/Treat My Feet,Intimate Rose/Treat My Feet,"Plus EV Holdings, Inc."
441,Investar,Investar,Investar
442,IPMC,IPMC,Interventional Pain Management Center
443,IQ Navigator,IQ Navigator,IQ Navigator
444,Iron Horse RV,Iron Horse RV,Iron Horse RV
445,Cavco,Iron Horse RV:Cavco,Cavco
446,Island Life Bicycles,Island Life Bicycles,Island Life Bicycles
447,Island Park E-Bikes,Island Park E-Bikes,Island Park E-Bikes
448,ITC - Manufacturers Select,ITC - Manufacturers Select,ITC - Manufacturers Select
449,J & J Auto Body,J & J Auto Body,J & J Auto Body
450,J & L Machining,J & L Machining,J & L Machining
451,J&J Lighting,J&J Lighting,
452,Jack Bayles Photography,Jack Bayles Photography,Jack Bayles Photography
453,Jackie Weiland,Jackie Weiland,
454,Jackman Insurance Agency,Jackman Insurance Agency,Jackman Insurance Agency
455,Jake Dye,Jake Dye,
456,Jake ye,Jake ye,
457,Jake's Nushagak Salmon Camp,Jake's Nushagak Salmon Camp,Jake's Nushagak Salmon Camp
458,Jan Cervantes,Jan Cervantes,
459,Jaymo's Sauces  LLC,Jaymo's Sauces  LLC,Jaymo's Sauces  LLC
460,Jeb Harrison,Jeb Harrison,
461,Jeff Gardner,Jeff Gardner,
462,Jennie Cannon,Jennie Cannon,
463,Jennie Cannon Photography,Jennie Cannon Photography,
464,Jennifer Dotson,Jennifer Dotson,
465,Jensen Custom Homes,Jensen Custom Homes,Jensen Custom Homes
466,Jensen Insurance,Jensen Insurance,Jensen Insurance
467,Jensen's PC Repair,Jensen's PC Repair,Jensen's PC Repair
468,Jerome High School,Jerome High School,
469,Jodi Togiai,Jodi Togiai,
470,Joe Abercrombie,Joe Abercrombie,
471,Joe Sheehy DDS,Joe Sheehy DDS,
472,John Cooley,John Cooley,John Cooley
473,John Hoobler,John Hoobler,
474,Johnson Livestock,Johnson Livestock,Johnson Livestock
475,Jolyn Wall,Jolyn Wall,
476,Julie Van Orden,Julie Van Orden,Julie Van Orden
477,Jumpin Jellyfish,Jumpin Jellyfish,Jumpin Jellyfish
478,Justin Cherry,Justin Cherry,Trees
479,Kameron Keele,Kameron Keele,Keele Law
480,Keele Law,Keele Law,Keele Law
481,Ketamine,Ketamine,
482,Kids Dental Ammon and Blackfoot,Kids Dental Ammon and Blackfoot,Kids Dental Ammon and Blackfoot
483,Kids Dental Aurora,Kids Dental Aurora,Kids Dental Aurora
484,Kids Dental East Denver,Kids Dental East Denver,Kids Dental East Denver
485,Kids Dental West Denver,Kids Dental West Denver,Kids Dental West Denver
486,Kim Vitelli,Kim Vitelli,
487,"Kinder Perfect, LLC","Kinder Perfect, LLC","Kinder Perfect, LLC"
488,Kinyon Martin,Kinyon Martin,Restore Rite
489,Kitties Kitchen,Kitties Kitchen,Kitties Kitchen
490,Klaōd Solutions,Klaōd Solutions,Klaōd Solutions
491,Kleen Surfaces,Kleen Surfaces,Kleen Surfaces
492,Kodiak Cakes,Kodiak Cakes,Kodiak Cakes
493,Kolby Offroad,Kolby Offroad,
494,KREWE,KREWE,KREWE
495,Krystal Wray,Krystal Wray,
496,KSL.com,KSL.com,KSL.com
497,Kuubix Energy Inc,Kuubix Energy Inc,Kuubix Energy Inc
498,L & K Carpet One,L & K Carpet One,L & K Carpet One
499,Lakeshore Plastics,Lakeshore Plastics,Lakeshore Plastics
500,Larry Hardenbrook,Larry Hardenbrook,J&L Machining Works
501,Laser Legacy,Laser Legacy,Laser Legacy
502,"Lasiter & Jackson, PLLC","Lasiter & Jackson, PLLC","Lasiter & Jackson, PLLC"
503,Latitude  38,Latitude  38,Latitude 38
504,Lawn Tech,Lawn Tech,Lawn Tech
505,Leapfox Learning Inc.,Leapfox Learning Inc.,Leapfox Learning Inc.
506,LEARN Academy,LEARN Academy,LEARN Academy
507,Ledges,Ledges,
508,Lemken,Lemken,
509,Lenexa Offices,Lenexa Offices,Lenexa Offices
510,"Let Us Clip Ya, LLC.","Let Us Clip Ya, LLC.","Let Us Clip Ya, LLC."
511,Liberty Home Guard,Liberty Home Guard,Liberty Home Guard
512,Life Beacon,Life Beacon,Life Beacon
513,Life Coach Idaho,Life Coach Idaho,Life Coach Idaho
514,Life Sauce,Life Sauce,Life Sauce
515,Camerica,Life Sauce:Camerica,Camerica
516,Lifetime Wellness,Lifetime Wellness,Lifetime Wellness Challenge
517,Lillian Vallely,Lillian Vallely,Lillian Vallely
518,Lily of the Valley Photography,Lily of the Valley Photography,Lily of the Valley Photography
519,Lit'l Spuds Campus,Lit'l Spuds Campus,Lit'l Spuds Campus
520,Live Like the Pros,Live Like the Pros,Live Like the Pros
521,LK Jordan,LK Jordan,LK Jordan
522,Lodgistics Rentals,Lodgistics Rentals,
523,"Log Kayak Rack/Hitch Exclusives, LLC","Log Kayak Rack/Hitch Exclusives, LLC","Log Kayak Rack/Hitch Exclusives, LLC"
524,Lori Cammack,Lori Cammack,
525,Louann Undhjem,Louann Undhjem,
526,Lucky Ducks,Lucky Ducks,Lucky Ducks
527,Lucky Lures,Lucky Lures,Lucky Lures
528,"Lyons' Roar, LLC","Lyons' Roar, LLC","Lyons' Roar, LLC"
529,Mindful Supplies,"Lyons' Roar, LLC:Mindful Supplies",Mindful Supplies
530,M-M Handcarts and Wagons,M-M Handcarts and Wagons,M-M Handcarts and Wagons
531,M633 Builders,M633 Builders,
532,Majestic Framing,Majestic Framing,Framed Art Express
533,MaKenzie Taylor,MaKenzie Taylor,
534,Manhattan Real Estate Company,Manhattan Real Estate Company,Manhattan Real Estate Company
535,Manwaring Livestock,Manwaring Livestock,DBA Manwaring Livestock
536,"Map Shop, LLC","Map Shop, LLC","Map Shop, LLC"
537,Marcus Wilson,Marcus Wilson,Big W Painting
538,Marcy Albertson,Marcy Albertson,
539,Marie Poulter,Marie Poulter,
540,Mark Grow Design,Mark Grow Design,Mark Grow Design
541,Mark High,Mark High,
542,Mark Jensen,Mark Jensen,
543,Marketing For Solos,Marketing For Solos,
544,Martin,Martin,
545,"Masso Sport DC, LLC","Masso Sport DC, LLC","Masso Sport DC, LLC"
546,Matix Health,Matix Health,Matix Health
547,Matt Wieland,Matt Wieland,Northstar Security
548,McCarthy Law/ 1600 West Investments,McCarthy Law/ 1600 West Investments,McCarthy Law/ 1600 West Investments
549,McMullin Legal Group,McMullin Legal Group,McMullin Legal Group
550,MD2,MD2,MD2
551,MD2 International,MD2 International,MD2 International
552,MDS Homes Idaho,MDS Homes Idaho,MDS Homes Idaho
553,"Meadoworks, LLC","Meadoworks, LLC","Meadoworks, LLC"
554,Mediation Matters,Mediation Matters,Mediation Matters
555,Megan Botello Permanent Makeup,Megan Botello Permanent Makeup,Megan Botello Permanent Makeup
556,Melanie Hanni,Melanie Hanni,
557,Metz Culinary Management,Metz Culinary Management,Metz Culinary Management
558,MGC Lock and Key,MGC Lock and Key,MGC Lock and Key
559,Michael Craig,Michael Craig,Zero to Perfect Construction
560,Mickelsen Construction,Mickelsen Construction,Mickelsen Construction
561,"Midland Scientific, Inc.","Midland Scientific, Inc.","Midland Scientific, Inc."
562,Mike,Mike,Zero To Perfect Construction
563,Mike Fresh,Mike Fresh,
564,Mike Rogers,Mike Rogers,Mike Rogers
565,Milan Institute,Milan Institute,Milan Institute
566,Miller Tourtlotte Law,Miller Tourtlotte Law,Miller Tourtlotte Law
567,Mindspace,Mindspace,Mindspace
568,Mindy Baldwin,Mindy Baldwin,
569,Mission Bag,Mission Bag,Mission Bag
570,Mission Silencers,Mission Silencers,
571,MKR Ventures,MKR Ventures,
572,MN Design,MN Design,MN Design
573,Mom's Place Gluten Free,Mom's Place Gluten Free,Mom's Place Gluten Free
574,Montana Academy of Salons,Montana Academy of Salons,Montana Academy of Salons
575,Morgan Rice Books,Morgan Rice Books,Morgan Rice Books; Lukeman Literary
576,Moultrie Tools,Moultrie Tools,Moultrie Tools
577,Mountain America,Mountain America,
578,Mountain Mikes Tours,Mountain Mikes Tours,Mountain Mikes Tours
579,Mountain Top Lawn Care,Mountain Top Lawn Care,Mountain Top Lawn Care
580,Mountain View Logistics,Mountain View Logistics,Mountain View Logistics
581,Mt. Hood Ski Bowl LLC,Mt. Hood Ski Bowl LLC,Mt. Hood Ski Bowl LLC
582,Mt Hood Management,Mt. Hood Ski Bowl LLC:Mt Hood Management,"Mt Hood Management, LLC"
583,"Murad, LLC","Murad, LLC","Murad, LLC"
584,Murdock Construction,Murdock Construction,Murdock Construction
585,Music and Families,Music and Families,Music and Families
586,MVMS,MVMS,
587,My Barnwood Frames,My Barnwood Frames,My Barnwood Frames
588,My Coach Connection,My Coach Connection,My Coach Connection
589,My Lucas Oil,My Lucas Oil,My Lucas Oil
590,My Telluride Vacation,My Telluride Vacation,My Telluride Vacation
591,MyFastPC,MyFastPC,MyFastPC
592,Nathan Jensen,Nathan Jensen,
593,Neil Anderson,Neil Anderson,Neil Anderson
594,Nelson Chiropractic Center,Nelson Chiropractic Center,Nelson Chiropractic Center
595,Netro  Glyphs,Netro  Glyphs,NetroGlyphs
596,NexPhase Capital,NexPhase Capital,Nexphase Capital
597,Nexus Pain Specialists,Nexus Pain Specialists,Nexus Pain Specialists
598,Nick Millspaugh,Nick Millspaugh,Pocket Sitter
599,No Whiplash,No Whiplash,No Whiplash
600,No-Toil Industries,No-Toil Industries,No-Toil Industries
601,Nomad,Nomad,Nomad
602,Nonpareil Corporation,Nonpareil Corporation,Nonpareil Corporation
603,North American Investigations,North American Investigations,North American Investigations
604,North Fork Dental,North Fork Dental,North Fork Dental
605,North Star Moving Company,North Star Moving Company,North Star Moving Company
606,NuCleane,NuCleane,
607,"Nudwear, Gate Six Holdings, LLC.","Nudwear, Gate Six Holdings, LLC.","Nudwear, Gate Six Holdings, LLC."
608,NuVision Auto Glass & Tint,NuVision Auto Glass & Tint,NuVision Auto Glass & Tint
609,Oak Mountain Dentistry,Oak Mountain Dentistry,Oak Mountain Dentistry
610,Oba Acai,Oba Acai,
611,Old Get Found First,Old Get Found First,Old Get Found First
612,Old Irwin Lodge,Old Irwin Lodge,Old Irwin Lodge
613,Olive Tree Medspa,Olive Tree Medspa,Olive Tree Medspa
614,Oliver Winery,Oliver Winery,Oliver Winery
615,On The Spot Cleaning and Restoration,On The Spot Cleaning and Restoration,
616,One By One Foundation,One By One Foundation,One By One Foundation
617,One Claim Solution,One Claim Solution,One Claim Solution
618,One Small Child,One Small Child,One Small Child
619,Online Budget Advertising,Online Budget Advertising,Online Budget Advertising
620,Online Trading Academy,Online Trading Academy,Online Trading Academy
621,Only Good Things,Only Good Things,
622,Onsite Asphalt,Onsite Asphalt,Onsite Asphalt
623,Options Counseling,Options Counseling,
624,Orion Integration Group,Orion Integration Group,Orion Integration Group
625,Orion Network Solutions LLC,Orion Network Solutions LLC,Orion Network Solutions LLC
626,Our Family Farm,Our Family Farm,
627,Outdoor Enhancements,Outdoor Enhancements,Outdoor Enhancements
628,Outreach Recovery,Outreach Recovery,Outreach Recovery
629,Owl House Online,Owl House Online,
630,Pain & Rehabilitation Consultants,Pain & Rehabilitation Consultants,Pain & Rehabilitation Consultants
631,Paint the Moon (C),Paint the Moon (C),
632,Pamela Plowman,Pamela Plowman,Pamela Plowman
633,Pastman Basic,Pastman Basic,
634,Paul Gallegos,Paul Gallegos,
635,Paul Loomis for Mayor,Paul Loomis for Mayor,
636,Paul Mcbride,Paul Mcbride,
637,Paul Mitchell Las Vegas,Paul Mitchell Las Vegas,Paul Mitchell Las Vegas
638,Paul Mitchell Madison Wisconsin,Paul Mitchell Madison Wisconsin,Paul Mitchell Madison Wisconsin
639,Paul Mitchell of Rexburg,Paul Mitchell of Rexburg,Paul Mitchell of Rexburg
640,Paul Mitchell the School - Jessup,Paul Mitchell the School - Jessup,Paul Mitchell the School - Jessup
641,Paul Mitchell the School - Little Rock,Paul Mitchell the School - Little Rock,Paul Mitchell the School - Little Rock
642,Paul Mitchell the School - New Orleans,Paul Mitchell the School - New Orleans,Paul Mitchell the School - New Orleans
643,Paul Mitchell the School - New York,Paul Mitchell the School - New York,Paul Mitchell the School - New York
644,Paul Mitchell the School - Norman,Paul Mitchell the School - Norman,Paul Mitchell the School - Norman
645,Paul Mitchell the School - North Haven,Paul Mitchell the School - North Haven,Paul Mitchell the School - North Haven
646,"Paul Mitchell the School - Orlando, Tampa, & Tyson's Corner","Paul Mitchell the School - Orlando, Tampa, & Tyson's Corner","Paul Mitchell the School - Orlando, Tampa, & Tyson's Corner"
647,Paul Mitchell the School Atlanta,Paul Mitchell the School Atlanta,Paul Mitchell the School Atlanta
648,Paul Mitchell the School Delaware,Paul Mitchell the School Delaware,Paul Mitchell the School Delaware
649,Paul Mitchell the School Eastbay,Paul Mitchell the School Eastbay,Paul Mitchell the School Eastbay
650,Paul Mitchell the School Fort Lauderdale,Paul Mitchell the School Fort Lauderdale,Paul Mitchell the School Fort Lauderdale
651,Paul Mitchell the School Houston,Paul Mitchell the School Houston,Paul Mitchell the School Houston
652,Paul Mitchell The School Logan,Paul Mitchell The School Logan,Paul Mitchell The School Logan
653,Paul Mitchell the School Milwaukee,Paul Mitchell the School Milwaukee,Paul Mitchell the School Milwaukee
654,Paul Mitchell the School of Boise,Paul Mitchell the School of Boise,Paul Mitchell the School of Boise
655,Paul Mitchell the School Raleigh,Paul Mitchell the School Raleigh,Paul Mitchell the School Raleigh
656,Paul Mitchell the School Reno,Paul Mitchell the School Reno,Paul Mitchell the School Reno
657,Paul Mitchell the School San Diego,Paul Mitchell the School San Diego,Paul Mitchell the School San Diego
658,Paul Mitchell the School St. Louis,Paul Mitchell the School St. Louis,Paul Mitchell the School St. Louis
659,Paul Mitchell the School Tulsa,Paul Mitchell the School Tulsa,Paul Mitchell the School Tulsa
660,Paula's Choice,Paula's Choice,Paula's Choice
661,PCS Home Care,PCS Home Care,PCS Home Care
662,Peak Family Medicine,Peak Family Medicine,Peak Family Medicine
663,Perfect Garage Storage Solutions,Perfect Garage Storage Solutions,Perfect Garage Storage Solutions
664,Performance Equine Veterinary Services,Performance Equine Veterinary Services,Performance Equine Veterinary Services
665,Physicians Success RX,Physicians Success RX,Physicians Success RX
666,Pick'd Powders,Pick'd Powders,Pick'd Powders
667,Pier 129,Pier 129,Pier 129
668,"Pioneer Commodities, LLC","Pioneer Commodities, LLC",Pioneer Commodities
669,"Pixel Rocket, LLLC.","Pixel Rocket, LLLC.","Pixel Rocket, LLLC."
670,Pixxie Stixxs,Pixxie Stixxs,Pixxie Stixxs
671,Pleasant Valley Potato,Pleasant Valley Potato,Pleasant Valley Potato
672,PMTS Clear Lake,PMTS Clear Lake,PMTS Clear Lake
673,Pocatello Eye Care,Pocatello Eye Care,Pocatello Eye Care
674,Pocatello Greenhouse,Pocatello Greenhouse,
675,Pocatello Podiatry and Ambulatory Foot and Ankle,Pocatello Podiatry and Ambulatory Foot and Ankle,Pocatello Podiatry and Ambulatory Foot and Ankle
676,Pocatello Ready Mix,Pocatello Ready Mix,Pocatello Ready Mix
677,Pocatello Simplot Credit Union,Pocatello Simplot Credit Union,
678,Pocket Sitter,Pocket Sitter,Pocket Sitter
679,Pomona Farms,Pomona Farms,Pomona Farms
680,"Popcornopolis, LLC","Popcornopolis, LLC","Popcornopolis, LLC"
681,Port Orange - Team Gagliardi,Port Orange - Team Gagliardi,Port Orange - Team Gagliardi
682,Porterhouse,Porterhouse,Porterhouse
683,Porterhouse.net,Porterhouse:Porterhouse.net,Porterhouse.net
684,Portneuf Valley Sprinklers,Portneuf Valley Sprinklers,
685,Potandon,Potandon,Potandon
686,Potato Princess,Potato Princess,Potato Princess
687,Pottebaum and Van Bruggen,Pottebaum and Van Bruggen,Pottebaum and Van Bruggen
688,Potty Protector,Potty Protector,Potty Protector
689,Practice Plus,Practice Plus,
690,Prana Counseling,Prana Counseling,Prana Counseling
691,Pratt Lambs,Pratt Lambs,
692,"PRB Feed, LLC and PRB Rentals","PRB Feed, LLC and PRB Rentals","PRB Feed, LLC and PRB Rentals"
693,"PRB Oil Company, LLC.","PRB Oil Company, LLC.",PRB Oil Company
694,Preimer Technology,Preimer Technology,Preimer Technology
695,Prepared Pantry,Prepared Pantry,Prepared Pantry
696,President Gary Dial,President Gary Dial,
697,Prevent Fire Co.,Prevent Fire Co.,Prevent Fire Co.
698,Primal Health and Nutrition,Primal Health and Nutrition,Primal Health and Nutrition
699,Primary Pain Consultants LLC,Primary Pain Consultants LLC,Primary Pain Consultants LLC
700,Prime Lighting,Prime Lighting,Prime Lighting
701,PrintSpace,PrintSpace,PrintSpace
702,Pro Athlete Advantage,Pro Athlete Advantage,Pro Athlete Advantage
703,Pro Se Planning,Pro Se Planning,Pro Se Planning
704,Prosper Pantry,Prosper Pantry,Prosper Pantry
705,Psychology Center of Idaho Falls,Psychology Center of Idaho Falls,Psychology Center of Idaho Falls
706,Quality Pool & Spa,Quality Pool & Spa,Quality Pool & Spa
707,Quilt Fabric Closeout,Quilt Fabric Closeout,Quilt Fabric Closeout
708,Rafael Jimenez,Rafael Jimenez,
709,Raleigh Spine and Pain Center,Raleigh Spine and Pain Center,Raleigh Spine and Pain Center
710,Rapido Express Income Tax Services,Rapido Express Income Tax Services,Rapido Express Income Tax Services
711,Rashaun Brodus,Rashaun Brodus,Rashaun Brodus
712,"Ready, Set, Retire","Ready, Set, Retire","Ready, Set, Retire"
713,Real Benefit Solutions,Real Benefit Solutions,Real Benefit Solutions
714,Real Property Management Platinum,Real Property Management Platinum,Real Property Management Platinum
715,Realty Builder,Realty Builder,Realty Builder
716,Realty Insight,Realty Insight,Realty Insight
717,Recognation,Recognation,
718,Recon GEO,Recon GEO,Recon GEO
719,Red Fern Companions,Red Fern Companions,Red Fern Companions
720,Red Hawk Trading,Red Hawk Trading,Red Hawk Trading
721,Reed Hill,Reed Hill,Reed Hill
722,Reed's Dairy,Reed's Dairy,Reed's Dairy
723,Regal Yorkies,Regal Yorkies,Regal Yorkies
724,Regional Pain Care Center,Regional Pain Care Center,Regional Pain Care Center
725,Relay For Life,Relay For Life,
726,Relievus,Relievus,Relievus
727,Relyco,Relyco,Relyco
728,"REM Industries, LLC dba Baudville","REM Industries, LLC dba Baudville","REM Industries, LLC dba Baudville"
729,Renee Evans,Renee Evans,
730,Renit,Renit,Renit
731,Rent Like A Pro,Rent Like A Pro,Rent Like A Pro
732,Reprieve Massage and Body Work,Reprieve Massage and Body Work,Reprieve Massage and Body Work
733,Resources Unlimited,Resources Unlimited,Resources Unlimited
734,Resume to Interviews,Resume to Interviews,Resume to Interviews
735,Retreat Day Spa,Retreat Day Spa,Retreat Day Spa
736,Revive Aesthetics and Wellness Center,Revive Aesthetics and Wellness Center,Revive Aesthetics and Wellness Center
737,Rex Mitchell,Rex Mitchell,
738,Rexburg Counseling and Eating Disorder Center,Rexburg Counseling and Eating Disorder Center,Rexburg Counseling and Eating Disorder Center
739,Rexburg Farmers Market,Rexburg Farmers Market,Rexburg Farmers Market
740,Rexburg Motor Sports,Rexburg Motor Sports,Rexburg Motor Sports
741,Rexburg Motor Sports Dept 10,Rexburg Motor Sports:Rexburg Motor Sports Dept 10,Rexburg Motor Sports Dept 10
742,Rexburg Motor Sports Dept 20,Rexburg Motor Sports:Rexburg Motor Sports Dept 20,Rexburg Motor Sports Dept 20
743,Rexburg Motor Sports Dept 30,Rexburg Motor Sports:Rexburg Motor Sports Dept 30,Rexburg Motor Sports Dept 30
744,Rexburg Motor Sports Dept 40,Rexburg Motor Sports:Rexburg Motor Sports Dept 40,Rexburg Motor Sports Dept 40
745,RGS Health Care,RGS Health Care,RGS Health Care
746,Rich Broadcasting,Rich Broadcasting,Rich Broadcasting
747,Richard Tominaga,Richard Tominaga,
748,Ricky's BBQ,Ricky's BBQ,Ricky's BBQ
749,Ridgecrest PTA,Ridgecrest PTA,
750,Ridgeline Medical Aesthetics,Ridgeline Medical Aesthetics,Ridgeline Medical Aesthetics
751,Riman Dental Corporation,Riman Dental Corporation,Riman Dental Corporation
752,Rise Fitness,Rise Fitness,Rise Fitness
753,Rise Up Counseling,Rise Up Counseling,Rise Up Counseling
754,River Valley Volleyball,River Valley Volleyball,River Valley Volleyball
755,Riverside Greenhouse,Riverside Greenhouse,
756,Riverside Real Estate,Riverside Real Estate,Riverside Real Estate
757,RMSB,RMSB,
758,Robbin's Nest Storage,Robbin's Nest Storage,Robbin's Nest Storage
759,Robert Johnson,Robert Johnson,
760,Rockford Elementary,Rockford Elementary,Rockford Elementary
761,"Rockin' M Ranch Wyoming, Inc./Cabin Rentals","Rockin' M Ranch Wyoming, Inc./Cabin Rentals","Rockin' M Ranch Wyoming, Inc./Cabin Rentals"
762,Rocky Mountain Claim Service,Rocky Mountain Claim Service,Rocky Mountain Claim Service
763,Rocky Mountain Men's Health,Rocky Mountain Men's Health,Rocky Mountain Men's Health
764,Rocky Mountain School of Baseball,Rocky Mountain School of Baseball,Rocky Mountain School of Baseball
765,"Rokman Gear, LLC","Rokman Gear, LLC","Rokman Gear, LLC"
766,Rollin for a Cause,Rollin for a Cause,
767,Rooftop Rentals,Rooftop Rentals,
768,ROW Adventures,ROW Adventures,ROW Adventures
769,"Rowe Plumbing and Drain, LLC.","Rowe Plumbing and Drain, LLC.","Rowe Plumbing and Drain, LLC."
770,Rubber Flooring 4 U,Rubber Flooring 4 U,Rubber Flooring 4 U
771,Rulan,Rulan,
772,Rulan Helaman Camp,Rulan Helaman Camp,
773,S.W. Brows,S.W. Brows,S.W. Brows
774,Safe Lock Storage of Blackfoot,Safe Lock Storage of Blackfoot,Safe Lock Storage of Blackfoot
775,Safehaven,Safehaven,Safe Haven
776,Sales Dojo,Sales Dojo,Sales Dojo
777,Salt River Nursing,Salt River Nursing,Salt River Nursing
778,"Salty Dawg - Frisco, TX","Salty Dawg - Frisco, TX","Salty Dawg - Frisco, TX"
779,"Salty Dawgs - Atlanta, GA","Salty Dawgs - Atlanta, GA","Salty Dawgs - Atlanta, GA"
780,"Salty Dawgs - Katy, TX","Salty Dawgs - Katy, TX","Salty Dawgs - Katy, TX"
781,Sam Noel,Sam Noel,Sam Noel
782,Samy's Camera,Samy's Camera,Samy's Camera
783,Sandy,Sandy,
784,Sane Sanitizer,Sane Sanitizer,Sane Sanitizer
785,Santucci Orthodontics,Santucci Orthodontics,Santucci Orthodontics
786,Sari Bodkin,Sari Bodkin,
787,Sawmill Exchange,Sawmill Exchange,Sawmill Exchange
788,"Schindler Enterprises, Inc.","Schindler Enterprises, Inc.","Schindler Enterprises, Inc."
789,"Scrapbook Supply Companies, LLC","Scrapbook Supply Companies, LLC","Scrapbook Supply Companies, LLC"
790,Search Engine Optimization Inc.,Search Engine Optimization Inc.,Search Engine Optimization Inc.
791,Seasons,Seasons,Seasons
792,Sebs,Sebs,Sebs
793,Secretary of State Idaho,Secretary of State Idaho,
794,Select Blinds,Select Blinds,Select Blinds
795,Selerix,Selerix,Selerix
796,Selkbag,Selkbag,Selkbag
797,Senior Solutions,Senior Solutions,"Senior Solutions, LLC"
798,Sensor Medica,Sensor Medica,Sensor Medica
799,SEOglyphs,SEOglyphs,SEOglyphs
800,Sew Mine Design,Sew Mine Design,Sew Mine Design
801,"Shaggin' Wagon, LLC","Shaggin' Wagon, LLC","Shaggin' Wagon, LLC"
802,Shana Erikson,Shana Erikson,
803,Shannon Dahle,Shannon Dahle,
804,Shaun Van Orden,Shaun Van Orden,Bingham Ground Water District
805,Sherwin Williams,Sherwin Williams,
806,SICOG,SICOG,SICOG
807,Simplesa Nutrition Corp,Simplesa Nutrition Corp,Simplesa Nutrition Corp
808,Simplicity Software - Seiko LLC,Simplicity Software - Seiko LLC,Simplicity Software - Seiko LLC
809,Simplot,Simplot,Simplot
810,Simplot Games,Simplot Games,Simplot Games
811,Sinclair,Sinclair,
812,Skill Distillery,Skill Distillery,Skill Distillery
813,Skips,Skips,Skips
814,"Sleepy Cat Trust, LLC","Sleepy Cat Trust, LLC","Sleepy Cat Trust, LLC"
815,Smartie Pants Preschool,Smartie Pants Preschool,Smartie Pants Preschool
816,Smiles 4 Kids Grand Junction,Smiles 4 Kids Grand Junction,
817,Smiles 4 Kids Montrose,Smiles 4 Kids Montrose,Smiles 4 Kids Montrose
818,Smith Roofing,Smith Roofing,Smith Roofing
819,Snake River Flag Football,Snake River Flag Football,Snake River Flag Football
820,Snake River High School,Snake River High School,Snake River High School
821,Snake River Hysteria,Snake River Hysteria,Snake River Hysteria
822,Snake River MLS,Snake River MLS,Snake River MLS
823,Snake River Ravens,Snake River Ravens,
824,Snake River Satellite,Snake River Satellite,Snake River Satellite
825,Snake River School District Activities Department,Snake River School District Activities Department,Snake River School District Activities Foundation
826,Snake River Seniors Cup Golf.com,Snake River Seniors Cup Golf.com,Snake River Seniors Cup Golf.com
827,Pocatello Men's Senior Golf.com,Snake River Seniors Cup Golf.com:Pocatello Men's Senior Golf.com,Pocatello Men's Senior Golf.com
828,Snake River Spuds,Snake River Spuds,Snake River Spuds
829,Snake River Track,Snake River Track,Snake River Track
830,Social Catfish,Social Catfish,Social Catfish
831,"Social Catfish, LLC","Social Catfish, LLC","Social Catfish, LLC"
832,Sodamix (Shelley),Sodamix (Shelley),Sodamix (Shelley)
833,Sonia Barney Design,Sonia Barney Design,Sonia Barney Design
834,Sophie's Suds & Dry,Sophie's Suds & Dry,Sophie's Suds & Dry
835,SOS,SOS,
836,Sound FX Idaho,Sound FX Idaho,Sound FX Idaho
837,Sound Pain Alliance,Sound Pain Alliance,Sound Pain Alliance
838,South Dakota Pheasant Safary,South Dakota Pheasant Safary,South Dakota Pheasant Safary
839,South East Idaho Ultrasound,South East Idaho Ultrasound,South East Idaho Ultrasound
840,South Salem Orthodontics,South Salem Orthodontics,South Salem Orthodontics
841,Southern California University of Health Sciences,Southern California University of Health Sciences,Southern California University of Health Sciences
842,Southstar,Southstar,Southstar
843,Spangler Adventures,Spangler Adventures,
844,Spearhead Precision Grading,Spearhead Precision Grading,Spearhead Precision Grading
845,Spot On Solution,Spot On Solution,Spot On Solutions
846,Spray Tech Solutions,Spray Tech Solutions,Spray Tech Solutions
847,Spudnik,Spudnik,Spudnik
848,Stable Mountain Rentals,Stable Mountain Rentals,
849,"Stallings Investments, LLC","Stallings Investments, LLC","Stallings Investments, LLC"
850,State of Utah,State of Utah,
851,STC Trailers,STC Trailers,STC Trailers
852,Step-Up Team,Step-Up Team,
853,Stephanie Watt,Stephanie Watt,
854,Stephen R. Woolf,Stephen R. Woolf,
855,Steven D Rath,Steven D Rath,
856,Stingerz,Stingerz,Stingerz
857,Stone LLP,Stone LLP,Stone LLP
858,Stones Family Dental,Stones Family Dental,Stones Family Dental
859,Storm Shield Weatherproofing,Storm Shield Weatherproofing,Storm Shield Weatherproofing
860,Strategic Associates,Strategic Associates,Strategic Associates
861,Stripe,Stripe,
862,STS,STS,STS
863,Stukent,Stukent,Stukent
864,Style In The Rockies,Style In The Rockies,
865,Subsurface Solutions,Subsurface Solutions,Subsurface Solutions
866,Summer Jackman,Summer Jackman,
867,"Summit Building Group, LLC","Summit Building Group, LLC","Summit Building Group, LLC"
868,Sun Stream Corporation,Sun Stream Corporation,Sun Stream Corporation
869,Sunrise Potato,Sunrise Potato,
870,SunStream Boat Lifts,SunStream Boat Lifts,
871,SureSeal Concrete,SureSeal Concrete,SureSeal Concrete
872,SVN Oaks PWR,SVN Oaks PWR,
873,Sweet Peonies,Sweet Peonies,Sweet Peonies
874,Swimmers Guide,Swimmers Guide,Swimmers Guide
875,Sync Ledgers,Sync Ledgers,Sync Ledgers
876,Synergy,Synergy,Synergy
877,Synergy Home Care,Synergy Home Care,
878,Synergy Homecare - Colorado,Synergy Home Care:Synergy Homecare - Colorado,Synergy Homecare - Colorado
879,Ribb LLC. dba Synergy Home Care,Synergy Home Care:Synergy Homecare - Colorado:Ribb LLC. dba Synergy Home Care,Ribb LLC. dba Synergy Home Care
880,Synergy HomeCare Denver South,Synergy Home Care:Synergy Homecare - Colorado:Synergy HomeCare Denver South,"Rodolph Company, LLC dba Synergy HomeCare Denver S"
881,Synergy HomeCare of Denver,Synergy Home Care:Synergy Homecare - Colorado:Synergy HomeCare of Denver,"EA Holdind, Inc"
882,Synergy HomeCare of West Denver,Synergy Home Care:Synergy Homecare - Colorado:Synergy HomeCare of West Denver,S2 Cares DBA Synergy HomeCare of West Denver
883,VitaSana Inc. dba Synergy HomeCare of Broomfield/Boulder,Synergy Home Care:Synergy Homecare - Colorado:VitaSana Inc. dba Synergy HomeCare of Broomfield/Boulder,Synergy HomeCare of Broomfield/Boulder
884,Synergy Homecare - Florida,Synergy Home Care:Synergy Homecare - Florida,Synergy Homecare - Florida
885,Synergy Home Care Broward County,Synergy Home Care:Synergy Homecare - Florida:Synergy Home Care Broward County,Synergy Home Care Broward County
886,Synergy Home Care of Venice,Synergy Home Care:Synergy Homecare - Florida:Synergy Home Care of Venice,"Synergy Home Care of Venice, FL."
887,Synergy HomeCare of Delray Beach Florida,Synergy Home Care:Synergy Homecare - Florida:Synergy HomeCare of Delray Beach Florida,Synergy HomeCare of Delray Beach Florida
888,"Synergy HomeCare of Maitland, FL","Synergy Home Care:Synergy Homecare - Florida:Synergy HomeCare of Maitland, FL","Synergy HomeCare of Maitland, FL"
889,"Synergy HomeCare of Miami/Ostuma Partners, Inc.","Synergy Home Care:Synergy Homecare - Florida:Synergy HomeCare of Miami/Ostuma Partners, Inc.","Synergy HomeCare of Miami/Ostuma Partners, Inc."
890,Synergy HomeCare of Northwest Florida,Synergy Home Care:Synergy Homecare - Florida:Synergy HomeCare of Northwest Florida,"Nothwest Florida HomeCare, Inc Synergy HomeCare"
891,Synergy Homecare - Pacific Northwest,Synergy Home Care:Synergy Homecare - Pacific Northwest,Synergy Homecare - Pacific Northwest
892,Synergy Home Care - Bellevue,Synergy Home Care:Synergy Homecare - Pacific Northwest:Synergy Home Care - Bellevue,Synergy Home Care - Bellevue
893,Synergy Home Care - Federal Way,Synergy Home Care:Synergy Homecare - Pacific Northwest:Synergy Home Care - Federal Way,Synergy Home Care - Federal Way
894,Synergy Home Care - Issaquah,Synergy Home Care:Synergy Homecare - Pacific Northwest:Synergy Home Care - Issaquah,Synergy Home Care - Issaquah
895,Synergy Home Care - Northwest Seattle Office,Synergy Home Care:Synergy Homecare - Pacific Northwest:Synergy Home Care - Northwest Seattle Office,Synergy Home Care - Northwest Seattle Office
896,Synergy Home Care - Olympia,Synergy Home Care:Synergy Homecare - Pacific Northwest:Synergy Home Care - Olympia,Synergy Home Care - Olympia
897,Synergy HomeCare Tacoma,Synergy Home Care:Synergy Homecare - Pacific Northwest:Synergy Home Care - Olympia:Synergy HomeCare Tacoma,Synergy HomeCare Tacoma
898,Synergy Homecare of Snohomish County,Synergy Home Care:Synergy Homecare - Pacific Northwest:Synergy Homecare of Snohomish County,Synergy Homecare of Snohomish County
899,Synergy Homecare-Seattle,Synergy Home Care:Synergy Homecare - Pacific Northwest:Synergy Homecare-Seattle,Synergy Homecare-Seattle
900,Synergy Homecare - Utah,Synergy Home Care:Synergy Homecare - Utah,Synergy Homecare - Utah
901,Salt Lake Homecare dba Synergy Homecare,Synergy Home Care:Synergy Homecare - Utah:Salt Lake Homecare dba Synergy Homecare,Salt Lake Homecare dba Synergy Homecare
902,Synergy HomeCare Alabama,Synergy Home Care:Synergy HomeCare Alabama,Synergy HomeCare Alabama
903,Synergy HomeCare - Daphne,Synergy Home Care:Synergy HomeCare Alabama:Synergy HomeCare - Daphne,Synergy HomeCare - Daphne
904,Synergy Homecare California,Synergy Home Care:Synergy Homecare California,Synergy Homecare California
905,"Gosula HomeCare, Inc.","Synergy Home Care:Synergy Homecare California:Gosula HomeCare, Inc.","Gosula HomeCare, Inc."
906,SO-Cal Co-Op,Synergy Home Care:Synergy Homecare California:SO-Cal Co-Op,SO-Cal Co-Op
907,"The Chaable Group, LLC. (Synergy-San Clemente)","Synergy Home Care:Synergy Homecare California:The Chaable Group, LLC. (Synergy-San Clemente)","The Chaable Group, LLC. (Synergy-San Clemente)"
908,Synergy HomeCare Georgia,Synergy Home Care:Synergy HomeCare Georgia,Synergy HomeCare Georgia
909,Synergy HomeCare of Metro Decator,Synergy Home Care:Synergy HomeCare Georgia:Synergy HomeCare of Metro Decator,Synergy HomeCare of Metro Decator
910,Synergy Homecare of North Georgia,Synergy Home Care:Synergy HomeCare Georgia:Synergy Homecare of North Georgia,"North GA Home Care,Inc, dba Synergy Homecare of NG"
911,Synergy Homecare Illinois,Synergy Home Care:Synergy Homecare Illinois,Synergy Homecare Illinois
912,Synergy HomeCare of Chicago,Synergy Home Care:Synergy Homecare Illinois:Synergy HomeCare of Chicago,Synergy HomeCare of Chicago
913,"Synergy HomeCare Schaumburg, IL","Synergy Home Care:Synergy Homecare Illinois:Synergy HomeCare Schaumburg, IL","Synergy HomeCare Schaumburg, IL"
914,Synergy HomeCare Maryland,Synergy Home Care:Synergy HomeCare Maryland,Synergy HomeCare Maryland
915,"Just  One Step, LLC dba Synergy HomeCare","Synergy Home Care:Synergy HomeCare Maryland:Just  One Step, LLC dba Synergy HomeCare","Synergy HomeCare of Rockville, MD"
916,Synergy HomeCare Massachusetts,Synergy Home Care:Synergy HomeCare Massachusetts,Synergy HomeCare Massachusetts
917,Synergy HomeCare of Norwood,Synergy Home Care:Synergy HomeCare Massachusetts:Synergy HomeCare of Norwood,Synergy HomeCare of Norwood
918,Synergy HomeCare Michigan,Synergy Home Care:Synergy HomeCare Michigan,Synergy HomeCare Michigan
919,"Island Enterprises, LLC.","Synergy Home Care:Synergy HomeCare Michigan:Island Enterprises, LLC.","Island Enterprises, LLC."
920,Synergy HomeCare of Michigan,Synergy Home Care:Synergy HomeCare Michigan:Synergy HomeCare of Michigan,Synergy HomeCare of Michigan
921,Synergy HomeCare Montana,Synergy Home Care:Synergy HomeCare Montana,Synergy HomeCare Montana
922,"Synergy HomeCare Billings, MT","Synergy Home Care:Synergy HomeCare Montana:Synergy HomeCare Billings, MT","Synergy HomeCare Billings, MT"
923,Synergy HomeCare MSP Metro,Synergy Home Care:Synergy HomeCare MSP Metro,"Sundog Enterprises, dba Synergy HomeCare MSP Metro"
924,Synergy HomeCare Nebraska,Synergy Home Care:Synergy HomeCare Nebraska,Synergy HomeCare Nebraska
925,Synergy HomeCare of Lincoln,Synergy Home Care:Synergy HomeCare Nebraska:Synergy HomeCare of Lincoln,Synergy HomeCare of Lincoln
926,Synergy HomeCare New Jersey,Synergy Home Care:Synergy HomeCare New Jersey,Synergy HomeCare New Jersey
927,"NJ 43 NJ 45, Inc. dba Synergy HomeCare of Bergen","Synergy Home Care:Synergy HomeCare New Jersey:NJ 43 NJ 45, Inc. dba Synergy HomeCare of Bergen","NJ 43 NJ 45, Inc. dba Synergy HomeCare of Bergen"
928,Synergy  Homecare of N. Central NJ Poscataway,Synergy Home Care:Synergy HomeCare New Jersey:Synergy  Homecare of N. Central NJ Poscataway,Synergy Homecare of N. Central NJ
929,Synergy HomeCare NJ 12,Synergy Home Care:Synergy HomeCare New Jersey:Synergy HomeCare NJ 12,"Jaymar Home Care, Inc."
930,Synergy HomeCare NJ-13,Synergy Home Care:Synergy HomeCare New Jersey:Synergy HomeCare NJ 12:Synergy HomeCare NJ-13,"Jaymar HomeCare, Inc."
931,Synergy HomeCare NJ-08,Synergy Home Care:Synergy HomeCare New Jersey:Synergy HomeCare NJ-08,Synergy HomeCare North West NJ
932,Synergy Homecare of New Jersey NJ-04,Synergy Home Care:Synergy HomeCare New Jersey:Synergy Homecare of New Jersey NJ-04,"Hopewell Homecare, LLC  dba Synergy Homecare"
933,Synergy HomeCare of New Jersey NJ-05,Synergy Home Care:Synergy HomeCare New Jersey:Synergy HomeCare of New Jersey NJ-05,Synergy HomeCare of New Jersey NJ-05
934,Synergy HomeCare of South New Jersey -02,Synergy Home Care:Synergy HomeCare New Jersey:Synergy HomeCare of South New Jersey -02,Synergy HomeCare of South New Jersey -02
935,Synergy HomeCare of Connecticut,Synergy Home Care:Synergy HomeCare of Connecticut,Synergy HomeCare of Connecticut
936,"Synergy HomeCare of Danbury, Ct","Synergy Home Care:Synergy HomeCare of Connecticut:Synergy HomeCare of Danbury, Ct","Synergy HomeCare of Danbury, Ct"
937,Synergy HomeCare of Fairfield,Synergy Home Care:Synergy HomeCare of Connecticut:Synergy HomeCare of Fairfield,Synergy HomeCare of Fairfield
938,Synergy HomeCare of Kansas,Synergy Home Care:Synergy HomeCare of Kansas,Synergy HomeCare of Kansas
939,"Synergy HomeCare of Overland Park, KS","Synergy Home Care:Synergy HomeCare of Kansas:Synergy HomeCare of Overland Park, KS","West Private Care, LLC., dba Synergy HomeCare"
940,Synergy HomeCare Of Minnesota,Synergy Home Care:Synergy HomeCare Of Minnesota,Synergy HomeCare Of Minnesota
941,Synergy HomeCare of Wisconsin,Synergy Home Care:Synergy HomeCare of Wisconsin,Synergy HomeCare of Wisconsin
942,"Busalacchi Enterprises, Inc. DBA Synergy HomeCare of Milwaukee","Synergy Home Care:Synergy HomeCare of Wisconsin:Busalacchi Enterprises, Inc. DBA Synergy HomeCare of Milwaukee",Synergy HomeCare of Milwaukee
943,Synergy HomeCare Ohio,Synergy Home Care:Synergy HomeCare Ohio,Synergy HomeCare Ohio
944,"Collaborative Advisors INC., dba Synergy Homecare","Synergy Home Care:Synergy HomeCare Ohio:Collaborative Advisors INC., dba Synergy Homecare","Collaborative Advisors INC., dba Synergy Homecare"
945,"Synergy HomeCare of Dayton, OH","Synergy Home Care:Synergy HomeCare Ohio:Synergy HomeCare of Dayton, OH","South Dayton HomeCare, Inc. dba Synergy HomeCare"
946,Synergy HomeCare Tennesse,Synergy Home Care:Synergy HomeCare Tennesse,Synergy HomeCare Tennesse
947,"Synergy HomeCare of Memphis/ ACM Cares, Inc.","Synergy Home Care:Synergy HomeCare Tennesse:Synergy HomeCare of Memphis/ ACM Cares, Inc.","Synergy HomeCare of Memphis/ ACM Cares, Inc."
948,Synergy Homecare Texas,Synergy Home Care:Synergy Homecare Texas,Synergy Homecare Texas
949,"Beacon Hill Investments Corp.,dba Synergy Homecare","Synergy Home Care:Synergy Homecare Texas:Beacon Hill Investments Corp.,dba Synergy Homecare","Beacon Hill Investments Corp.,dba Synergy Homecare"
950,Synergy HomeCare Galveston/ Beacon Hill,"Synergy Home Care:Synergy Homecare Texas:Beacon Hill Investments Corp.,dba Synergy Homecare:Synergy HomeCare Galveston/ Beacon Hill",Synergy HomeCare Galveston/ Beacon Hill
951,Haselden Homecare LLC,Synergy Home Care:Synergy Homecare Texas:Haselden Homecare LLC,Haselden Homecare LLC
952,"Lambert Care Inc.,dba Synergy HomeCare of Alliance","Synergy Home Care:Synergy Homecare Texas:Lambert Care Inc.,dba Synergy HomeCare of Alliance","Lambert Care Inc.,dba Synergy HomeCare of Alliance"
953,"Monarch Endeavors, LLC. dba Synergy Home Care-Houston","Synergy Home Care:Synergy Homecare Texas:Monarch Endeavors, LLC. dba Synergy Home Care-Houston","Monarch Endeavors,LLC. dba Synergy HomeCare"
954,"Mosher Initiatives, Inc. dba Synergy HomeCare","Synergy Home Care:Synergy Homecare Texas:Mosher Initiatives, Inc. dba Synergy HomeCare","Mosher Initiatives, Inc. dba Synergy HomeCare"
955,Synergy Home Care - Allen TX,Synergy Home Care:Synergy Homecare Texas:Synergy Home Care - Allen TX,Synergy Home Care - Allen TX
956,Synergy Home Care - Northwest Dallas,Synergy Home Care:Synergy Homecare Texas:Synergy Home Care - Northwest Dallas,Synergy Home Care - Northwest Dallas
957,Synergy HomeCare of Austin,Synergy Home Care:Synergy Homecare Texas:Synergy HomeCare of Austin,Synergy HomeCare of Austin
958,Synergy HomeCare of Irving,Synergy Home Care:Synergy Homecare Texas:Synergy HomeCare of Irving,Synergy HomeCare of Irving
959,Synergy HomeCare of Southeast Texas,Synergy Home Care:Synergy Homecare Texas:Synergy HomeCare of Southeast Texas,Synergy HomeCare of Southeast Texas
960,Synergy HomeCare Bay Area,Synergy Home Care:Synergy Homecare Texas:Synergy HomeCare of Southeast Texas:Synergy HomeCare Bay Area,Synergy HomeCare Bay Area
961,Synergy Regional Marketing Fund-Dallas Area,Synergy Home Care:Synergy Homecare Texas:Synergy Regional Marketing Fund-Dallas Area,Synergy Regional Marketing Fund-Dallas Area
962,Synergy HomeCare Vermont,Synergy Home Care:Synergy HomeCare Vermont,Synergy HomeCare Vermont
963,"AM Rollins, LLC. dba Synergy HomeCare Vermont","Synergy Home Care:Synergy HomeCare Vermont:AM Rollins, LLC. dba Synergy HomeCare Vermont","AM Rollins, LLC. dba Synergy HomeCare Vermont"
964,Synergy Homecare Virginia,Synergy Home Care:Synergy Homecare Virginia,Synergy Homecare Virginia
965,"MEO Home Care Services, Inc.","Synergy Home Care:Synergy Homecare Virginia:MEO Home Care Services, Inc.","MEO Home Care Services, Inc."
966,Synergy HomeCare of Central Virginia,Synergy Home Care:Synergy Homecare Virginia:Synergy HomeCare of Central Virginia,Synergy HomeCare of Central Virginia
967,Synergy HomeCare of NorthWest Virginia,Synergy Home Care:Synergy Homecare Virginia:Synergy HomeCare of NorthWest Virginia,Synergy HomeCare of NorthWest Virginia
968,"Synergy HomeCare, Corporate National Brand Marketing","Synergy Home Care:Synergy HomeCare, Corporate National Brand Marketing","Synergy HomeCare, Corporate National Brand"
969,Synergy HomeCare Fran Dev.,"Synergy Home Care:Synergy HomeCare, Corporate National Brand Marketing:Synergy HomeCare Fran Dev.",Synergy HomeCare Fran Dev.
970,Synergy Homecare-Arizona,Synergy Home Care:Synergy Homecare-Arizona,Synergy Homecare-Arizona
971,Synergy Home Care - Sun City,Synergy Home Care:Synergy Homecare-Arizona:Synergy Home Care - Sun City,Synergy Home Care - Sun City
972,Synergy Homecare of Phoenix,Synergy Home Care:Synergy Homecare-Arizona:Synergy Homecare of Phoenix,Synergy Homecare of Phoenix
973,Synergy Homecare of Tucson,Synergy Home Care:Synergy Homecare-Arizona:Synergy Homecare of Tucson,Synergy Homecare of Tucson
974,Synergy HomeCare of Yuma,Synergy Home Care:Synergy Homecare-Arizona:Synergy HomeCare of Yuma,Synergy HomeCare of Yuma
975,Synergy New York,Synergy Home Care:Synergy New York,Synergy New York
976,Synergy Home Care Brooklyn,Synergy Home Care:Synergy New York:Synergy Home Care Brooklyn,Synergy Home Care Brooklyn
977,Synergy Home Care Queens,Synergy Home Care:Synergy New York:Synergy Home Care Queens,Synergy Home Care Queens
978,Synergy HomeCare of NY Manhattan,Synergy Home Care:Synergy New York:Synergy HomeCare of NY Manhattan,Synergy HomeCare of NY Manhattan
979,Synergy Home Care - Vancouver,Synergy Home Care - Vancouver,Synergy Home Care - Vancouver
980,Synergy HomeCare - Corporate,Synergy HomeCare - Corporate,Synergy HomeCare - Corporate
981,Synergy HomeCare of Acworth,Synergy HomeCare - Corporate:Synergy HomeCare of Acworth,Synergy HomeCare of Acworth
982,Synergy HomeCare of Alpharetta,Synergy HomeCare - Corporate:Synergy HomeCare of Alpharetta,Synergy HomeCare of Alpharetta
983,Synergy HomeCare of Beaumont,Synergy HomeCare - Corporate:Synergy HomeCare of Beaumont,Synergy HomeCare of Beaumont
984,Synergy HomeCare of Billings,Synergy HomeCare - Corporate:Synergy HomeCare of Billings,Synergy HomeCare of Billings
985,Synergy HomeCare of Boca Raton,Synergy HomeCare - Corporate:Synergy HomeCare of Boca Raton,Synergy HomeCare of Boca Raton
986,Synergy HomeCare of Broward,Synergy HomeCare - Corporate:Synergy HomeCare of Broward,Synergy HomeCare of Broward
987,Synergy HomeCare of Colorado Springs,Synergy HomeCare - Corporate:Synergy HomeCare of Colorado Springs,Synergy HomeCare of Colorado Springs
988,Synergy HomeCare of Corona,Synergy HomeCare - Corporate:Synergy HomeCare of Corona,Synergy HomeCare of Corona
989,Synergy HomeCare of Delray Beach,Synergy HomeCare - Corporate:Synergy HomeCare of Delray Beach,Synergy HomeCare of Delray Beach
990,Synergy HomeCare of Douglas County,Synergy HomeCare - Corporate:Synergy HomeCare of Douglas County,Synergy HomeCare of Douglas County
991,Synergy HomeCare of Downriver/Wyandotte,Synergy HomeCare - Corporate:Synergy HomeCare of Downriver/Wyandotte,Synergy HomeCare of Downriver/Wyandotte
992,Synergy HomeCare of Dulles,Synergy HomeCare - Corporate:Synergy HomeCare of Dulles,Synergy HomeCare of Dulles
993,Synergy HomeCare of Fairfield,Synergy HomeCare - Corporate:Synergy HomeCare of Fairfield,Synergy HomeCare of Fairfield
994,Synergy HomeCare of Farmington MI,Synergy HomeCare - Corporate:Synergy HomeCare of Farmington MI,Synergy HomeCare of Farmington MI
995,Synergy HomeCare of Goodyear,Synergy HomeCare - Corporate:Synergy HomeCare of Goodyear,Synergy HomeCare of Goodyear
996,Synergy HomeCare of Greenfield,Synergy HomeCare - Corporate:Synergy HomeCare of Greenfield,Synergy HomeCare of Greenfield
997,Synergy HomeCare of Gurnee,Synergy HomeCare - Corporate:Synergy HomeCare of Gurnee,Synergy HomeCare of Gurnee
998,Synergy HomeCare of Houston,Synergy HomeCare - Corporate:Synergy HomeCare of Houston,Synergy HomeCare of Houston
999,Synergy HomeCare of Leesburg,Synergy HomeCare - Corporate:Synergy HomeCare of Leesburg,Synergy HomeCare of Leesburg
1000,Synergy HomeCare of Lowcountry,Synergy HomeCare - Corporate:Synergy HomeCare of Lowcountry,Synergy HomeCare of Lowcountry
1001,Synergy HomeCare of Miami,Synergy HomeCare - Corporate:Synergy HomeCare of Miami,Synergy HomeCare of Miami
1002,Synergy HomeCare of Mount Pleasant,Synergy HomeCare - Corporate:Synergy HomeCare of Mount Pleasant,Synergy HomeCare of Mount Pleasant
1003,Synergy HomeCare of North Houston/Pasadena,Synergy HomeCare - Corporate:Synergy HomeCare of North Houston/Pasadena,Synergy HomeCare of North Houston/Pasadena
1004,Synergy HomeCare of North Seattle,Synergy HomeCare - Corporate:Synergy HomeCare of North Seattle,Synergy HomeCare of North Seattle
1005,Synergy HomeCare of Northeast Metro,Synergy HomeCare - Corporate:Synergy HomeCare of Northeast Metro,Synergy HomeCare of Northeast Metro
1006,Synergy HomeCare of Plano,Synergy HomeCare - Corporate:Synergy HomeCare of Plano,Synergy HomeCare of Plano
1007,Synergy HomeCare of Rockville,Synergy HomeCare - Corporate:Synergy HomeCare of Rockville,Synergy HomeCare of Rockville
1008,Synergy HomeCare of Seattle,Synergy HomeCare - Corporate:Synergy HomeCare of Seattle,Synergy HomeCare of Seattle
1009,Synergy HomeCare of Teaneck,Synergy HomeCare - Corporate:Synergy HomeCare of Teaneck,Synergy HomeCare of Teaneck
1010,Synergy HomeCare of Tucson,Synergy HomeCare - Corporate:Synergy HomeCare of Tucson,Synergy HomeCare of Tucson
1011,Synergy HomeCare of Venice,Synergy HomeCare - Corporate:Synergy HomeCare of Venice,Synergy HomeCare of Venice
1012,Synergy HomeCare of Warwick,Synergy HomeCare - Corporate:Synergy HomeCare of Warwick,Synergy HomeCare of Warwick
1013,Synergy HomeCare of Wisconsin Rapids,Synergy HomeCare - Corporate:Synergy HomeCare of Wisconsin Rapids,Synergy HomeCare of Wisconsin Rapids
1014,Synergy HomeCare of Worthington,Synergy HomeCare - Corporate:Synergy HomeCare of Worthington,Synergy HomeCare of Worthington
1015,Synergy HomeCare of Bradenton,Synergy HomeCare of Bradenton,Synergy HomeCare of Bradenton
1016,Synergy HomeCare of Cary,Synergy HomeCare of Cary,Synergy HomeCare of Cary
1017,Synergy HomeCare of Central New Jersey,Synergy HomeCare of Central New Jersey,Synergy HomeCare of Central New Jersey
1018,Synergy HomeCare of Chattanooga,Synergy HomeCare of Chattanooga,Synergy HomeCare of Chattanooga
1019,Synergy HomeCare of Denver/Fort Collins,Synergy HomeCare of Denver/Fort Collins,Synergy HomeCare of Denver/Fort Collins
1020,Synergy HomeCare of Long Beach,Synergy HomeCare of Long Beach,Synergy HomeCare of Long Beach
1021,Synergy HomeCare of Olympia,Synergy HomeCare of Olympia,Synergy HomeCare of Olympia
1022,Synergy HomeCare of Panama City,Synergy HomeCare of Panama City,Synergy HomeCare of Panama City
1023,Synergy HomeCare of San Clemente,Synergy HomeCare of San Clemente,Synergy HomeCare of San Clemente
1024,Synergy HomeCare of Santa Monica (J&C Wellness LLC),Synergy HomeCare of Santa Monica (J&C Wellness LLC),Synergy HomeCare of Santa Monica (J&C Wellness LLC)
1025,Synergy HomeCare of St. Louis,Synergy HomeCare of St. Louis,Synergy HomeCare of St. Louis
1026,Synergy HomeCare of Sun City / Phoenix,Synergy HomeCare of Sun City / Phoenix,Synergy HomeCare of Sun City / Phoenix
1027,Synergy HomeCare of Tallahassee,Synergy HomeCare of Tallahassee,Synergy HomeCare of Tallahassee
1028,"Synergy HomeCare of Upland, CA","Synergy HomeCare of Upland, CA","Synergy HomeCare of Upland, CA"
1029,System Tech Inc.,System Tech Inc.,System Tech Inc.
1030,T-Shirt Society,T-Shirt Society,T-Shirt Society
1031,Tactical Precision,Tactical Precision,Tactical Precision
1032,Tailored Canine,Tailored Canine,Tailored Canine
1033,TalentWoo,TalentWoo,TalentWoo
1034,Tax Techs,Tax Techs,Tax Techs
1035,Taypos Fence Co.,Taypos Fence Co.,Taypos Fence Co.
1036,Team Delta,Team Delta,Team Delta
1037,Team Member Perspective,Team Member Perspective,Team Member Perspective
1038,Team Suppressor,Team Suppressor,
1039,Ted Garling,Ted Garling,
1040,Tee Box LLC,Tee Box LLC,Tee Box LLC
1041,Terra Nova Institute of Learning,Terra Nova Institute of Learning,Terra Nova Institute of Learning
1042,Teton Custom Holsters,Teton Custom Holsters,
1043,Teton Leather,Teton Leather,Teton Leather
1044,Teton Medicare,Teton Medicare,Teton Medicare
1045,Teton Organizing,Teton Organizing,
1046,Teton Stage Lines,Teton Stage Lines,
1047,Teton Valley Lodge Inc,Teton Valley Lodge Inc,Teton Valley Lodge Inc
1048,Texas Best Pet Grooming,Texas Best Pet Grooming,Texas Best Pet Grooming
1049,The Academic Equation,The Academic Equation,The Academic Equation
1050,"The Authentic Practice, Inc.","The Authentic Practice, Inc.","The Authentic Practice, Inc."
1051,The Bingham Group,The Bingham Group,The Bingham Group
1052,The Bronco Stop,The Bronco Stop,
1053,The Candy Jar,The Candy Jar,The Candy Jar
1054,The CPR School,The CPR School,The CPR School
1055,The Designery - Overland Park,The Designery - Overland Park,The Designery - Overland Park
1056,The Designery Atlanta,The Designery Atlanta,The Designery Atlanta
1057,The Designery Denver,The Designery Denver,The Designery Denver
1058,The Designery Greensboro,The Designery Greensboro,The Designery Greensboro
1059,The Designery Knoxville / Rossville,The Designery Knoxville / Rossville,The Designery Knoxville / Rossville
1060,The Designery Lake Mary,The Designery Lake Mary,The Designery Lake Mary
1061,The Designery Louisville,The Designery Louisville,The Designery Louisville
1062,The Designery North Raleigh,The Designery North Raleigh,The Designery North Raleigh
1063,The Designery Quakertown,The Designery Quakertown,The Designery Quakertown
1064,The Designery South Jordan,The Designery South Jordan,The Designery South Jordan
1065,The Exchange Club of Idaho Falls,The Exchange Club of Idaho Falls,The Exchange Club of Idaho Falls
1066,The Facial Room Society,The Facial Room Society,The Facial Room Society
1067,The Geraghty,The Geraghty,The Geraghty
1068,The Hartwell Corporation,The Hartwell Corporation,The Hartwell Corporation
1069,The King's Men Movement,The King's Men Movement,The King's Men Movement
1070,The Navy Farmhouse,The Navy Farmhouse,The Navy Farmhouse
1071,The Nexus Pain Center of Albany LLC,The Nexus Pain Center of Albany LLC,The Nexus Pain Center of Albany LLC
1072,The Outfit,The Outfit,The Outfit
1073,The Patch Boys,The Patch Boys,The Patch Boys
1074,The Pineapple Agency,The Pineapple Agency,The Pineapple Agency
1075,The Pro Shop,The Pro Shop,The Pro Shop
1076,The Public Tutoring Initiative,The Public Tutoring Initiative,The Public Tutoring Initiative
1077,"The Ribbon Retreat, Inc.","The Ribbon Retreat, Inc.","The Ribbon Retreat, Inc."
1078,RR Wholesale,"The Ribbon Retreat, Inc.:RR Wholesale",RR Wholesale
1079,The Road to 7 Figures,The Road to 7 Figures,The Road to 7 Figures
1080,The Salon Professional Academy - Kenosha,The Salon Professional Academy - Kenosha,The Salon Professional Academy - Kenosha
1081,The Salon Professional Academy - Nashville,The Salon Professional Academy - Nashville,The Salon Professional Academy - Nashville
1082,The Salon Professional Academy - Onalaska,The Salon Professional Academy - Onalaska,The Salon Professional Academy - Onalaska
1083,The Soda Mix,The Soda Mix,The Soda Mix
1084,The Sodamix (Pocatello),The Sodamix (Pocatello),The Sodamix (Pocatello)
1085,The SodaMix (Roy),The SodaMix (Roy),The SodaMix (Roy)
1086,The Stone Pony,The Stone Pony,The Stone Pony
1087,"TheoTrade, LLC","TheoTrade, LLC","TheoTrade, LLC"
1088,Thomas Cattle Company,Thomas Cattle Company,Thomas Cattle Company
1089,Thryv Fitness,Thryv Fitness,Thryv Fitness
1090,"Thunder Ridge Trucking, LLC","Thunder Ridge Trucking, LLC","Thunder Ridge Trucking, LLC"
1091,"Tied to Nature, LLC","Tied to Nature, LLC","Tied to Nature, LLC"
1092,Tiffany Pratt,Tiffany Pratt,
1093,Tilden Company,Tilden Company,Tilden Company
1094,Timepiece Homes,Timepiece Homes,Timepiece Homes
1095,Timpanogos Speech Clinic,Timpanogos Speech Clinic,Timpanogos Speech Clinic
1096,Tires4U,Tires4U,
1097,Title Financial Corporation,Title Financial Corporation,Title Financial Corporation
1098,Title One Financial,Title One Financial,
1099,TJ Best,TJ Best,
1100,TLS Property Management,TLS Property Management,TLS Property Management
1101,Todd Burke,Todd Burke,Idaho Farm Bureau
1102,Tomato Festival LLC,Tomato Festival LLC,
1103,Party Snow,Tomato Festival LLC:Party Snow,
1104,Tommy Vaughns,Tommy Vaughns,Tommy Vaughns
1105,Top Rail Fence - Corporate,Top Rail Fence - Corporate,Top Rail Fence - Corporate
1106,Top Rail Fence Anderson,Top Rail Fence Anderson,
1107,Top Rail Fence Ann Arbor,Top Rail Fence Ann Arbor,Top Rail Fence Ann Arbor
1108,Top Rail Fence Atlanta,Top Rail Fence Atlanta,
1109,Top Rail Fence Birmingham,Top Rail Fence Birmingham,Top Rail Fence Birmingham
1110,Top Rail Fence Boise,Top Rail Fence Boise,Top Rail Fence Boise
1111,Top Rail Fence Charleston,Top Rail Fence Charleston,Top Rail Fence Charleston
1112,Top Rail Fence Chattanooga,Top Rail Fence Chattanooga,Top Rail Fence Chattanooga
1113,Top Rail Fence Cincinnati,Top Rail Fence Cincinnati,Top Rail Fence Cincinnati
1114,Top Rail Fence Coastal Carolina,Top Rail Fence Coastal Carolina,Top Rail Fence Coastal Carolina
1115,Top Rail Fence Columbia,Top Rail Fence Columbia,Top Rail Fence Columbia
1116,Top Rail Fence Corporate,Top Rail Fence Corporate,Top Rail Fence Corporate
1117,Top Rail Fence Danbury,Top Rail Fence Danbury,Top Rail Fence Danbury
1118,Top Rail Fence Dayton,Top Rail Fence Dayton,Top Rail Fence Dayton
1119,Top Rail Fence Denver,Top Rail Fence Denver,Top Rail Fence Denver
1120,Top Rail Fence Des Moines,Top Rail Fence Des Moines,Top Rail Fence Des Moines
1121,Top Rail Fence Eastside,Top Rail Fence Eastside,Top Rail Fence Eastside
1122,Top Rail Fence Fairfield County,Top Rail Fence Fairfield County,Top Rail Fence Fairfield County
1123,Top Rail Fence Florida Panhandle,Top Rail Fence Florida Panhandle,
1124,Top Rail Fence Fort Collins,Top Rail Fence Fort Collins,Top Rail Fence Fort Collins
1125,Top Rail Fence Fort Lauderdale,Top Rail Fence Fort Lauderdale,Top Rail Fence Fort Lauderdale
1126,Top Rail Fence Fort Worth Texas,Top Rail Fence Fort Worth Texas,Top Rail Fence Fort Worth Texas
1127,Top Rail Fence Front Range,Top Rail Fence Front Range,Top Rail Fence Front Range
1128,Top Rail Fence Greenville,Top Rail Fence Greenville,
1129,Top Rail Fence Hartford,Top Rail Fence Hartford,Top Rail Fence Hartford
1130,Top Rail Fence Huntington,Top Rail Fence Huntington,Top Rail Fence Huntington
1131,Top Rail Fence Jacksonville,Top Rail Fence Jacksonville,
1132,Top Rail Fence Kansas City,Top Rail Fence Kansas City,Top Rail Fence Kansas City
1133,Top Rail Fence Memphis,Top Rail Fence Memphis,Top Rail Fence Memphis
1134,Top Rail Fence Mobile,Top Rail Fence Mobile,Top Rail Fence Mobile
1135,Top Rail Fence Naperville,Top Rail Fence Naperville,Top Rail Fence Naperville
1136,Top Rail Fence North Atlanta,Top Rail Fence North Atlanta,Top Rail Fence North Atlanta
1137,Top Rail Fence North Charlotte,Top Rail Fence North Charlotte,Top Rail Fence North Charlotte
1138,Top Rail Fence North Columbus,Top Rail Fence North Columbus,Top Rail Fence North Columbus
1139,Top Rail Fence North Indianapolis,Top Rail Fence North Indianapolis,
1140,Top Rail Fence North Texas,Top Rail Fence North Texas,Top Rail Fence North Texas
1141,Top Rail Fence Northern Detroit,Top Rail Fence Northern Detroit,Top Rail Fence Northern Detroit
1142,Top Rail Fence Northwest Houston,Top Rail Fence Northwest Houston,Top Rail Fence Northwest Houston
1143,Top Rail Fence Northwest Oklahoma City,Top Rail Fence Northwest Oklahoma City,Top Rail Fence Northwest Oklahoma City
1144,Top Rail Fence Omaha,Top Rail Fence Omaha,Top Rail Fence Omaha
1145,Top Rail Fence Phoenixville,Top Rail Fence Phoenixville,Top Rail Fence Phoenixville
1146,Top Rail Fence San Antonio,Top Rail Fence San Antonio,Top Rail Fence San Antonio
1147,Top Rail Fence Seattle,Top Rail Fence Seattle,Top Rail Fence Seattle
1148,Top Rail Fence South Charlotte,Top Rail Fence South Charlotte,Top Rail Fence South Charlotte
1149,Top Rail Fence South Dallas,Top Rail Fence South Dallas,Top Rail Fence South Dallas
1150,Top Rail Fence South Salt Lake City,Top Rail Fence South Salt Lake City,Top Rail Fence South Salt Lake City
1151,Top Rail Fence St. Paul,Top Rail Fence St. Paul,Top Rail Fence St. Paul
1152,Top Rail Fence Tampa,Top Rail Fence Tampa,Top Rail Fence Tampa
1153,Top Rail Fence Texas Panhandle,Top Rail Fence Texas Panhandle,Top Rail Fence Texas Panhandle
1154,Top Rail Fence Tri-Cities,Top Rail Fence Tri-Cities,Top Rail Fence Tri-Cities
1155,Top Rail Fence Triad,Top Rail Fence Triad,Top Rail Fence Triad
1156,Top Rail Fence Tyler,Top Rail Fence Tyler,Top Rail Fence Tyler
1157,Top Rail Fence West Palm Beach,Top Rail Fence West Palm Beach,Top Rail Fence West Palm Beach
1158,"Top Rail Fence Wilmington, NC","Top Rail Fence Wilmington, NC","Top Rail Fence Wilmington, NC"
1159,Tractor Works LLC,Tractor Works LLC,
1160,Tracy Family,Tracy Family,
1161,Trail Connect,Trail Connect,Trail Connect
1162,Trailavista,Trailavista,Trailavista
1163,Trailer Hood Bowling,Trailer Hood Bowling,
1164,Transtech Inc./Freight Zip,Transtech Inc./Freight Zip,Transtech Inc./Freight Zip
1165,Tricia Cherry,Tricia Cherry,
1166,Trinity Reverse Mortgage,Trinity Reverse Mortgage,Trinity Reverse Mortgage
1167,Triple H Lawn Care,Triple H Lawn Care,Triple H Lawn Care
1168,Troy Goodwin,Troy Goodwin,
1169,True Timber,True Timber,True Timber
1170,"TS Direct, LLC. / dba Social Xpand","TS Direct, LLC. / dba Social Xpand","TS Direct, LLC. / dba Social Xpand"
1171,Tubby Todd Bath Co,Tubby Todd Bath Co,Tubby Todd Bath Co
1172,Twelve 25 Lighting,Twelve 25 Lighting,Twelve 25 Lighting
1173,Twiage LLC,Twiage LLC,Twiage LLC
1174,Ty Averett,Ty Averett,
1175,Tyler Watt,Tyler Watt,
1176,UltraShelf,UltraShelf,UltraShelf
1177,United Potato Growers,United Potato Growers,United Potato Growers
1178,"Upper Valley Options, Inc,","Upper Valley Options, Inc,","Upper Valley Options, Inc,"
1179,UpTop Offroad,UpTop Offroad,UpTop Offroad
1180,Urgent Chiropractic,Urgent Chiropractic,Urgent Chiropractic
1181,Urgent Tooth Dental,Urgent Tooth Dental,Urgent Tooth Dental
1182,"USA Shakers, LLC","USA Shakers, LLC","USA Shakers, LLC"
1183,Usaepay,Usaepay,
1184,Utah Climate Pros,Utah Climate Pros,Utah Climate Pros
1185,Val Wahlen,Val Wahlen,
1186,Van Dyk Mortgage,Van Dyk Mortgage,Van Dyk Mortage
1187,Vancouver Rehabilitation & Phys. Therapy,Vancouver Rehabilitation & Phys. Therapy,Vancouver Rehabilitation & Phys. Therapy
1188,Vatu maji,Vatu maji,
1189,"Vertex Aerial, LLC","Vertex Aerial, LLC","Vertex Aerial, LLC"
1190,Vertex GPR,Vertex GPR,Vertex GPR
1191,Verum Construction,Verum Construction,Verum Construction
1192,Vik and Roma,Vik and Roma,Vik and Roma
1193,Villa Decor,Villa Decor,Villa Decor
1194,Vintage Woodworks,Vintage Woodworks,Vintage Woodworks
1195,Viper Scale Racing,Viper Scale Racing,Viper Scale Racing
1196,Vision Security,Vision Security,
1197,"Visiting Angels (Reseda, Garden Grove, Santa Barbara)","Visiting Angels (Reseda, Garden Grove, Santa Barbara)","Visiting Angels (Reseda, Garden Grove, Santa Barbara)"
1198,Vosberg & Associates,Vosberg & Associates,Vosberg & Associates
1199,Vote Jessica Lewis,Vote Jessica Lewis,Vote Jessica Lewis
1200,VRF Loans,VRF Loans,VRF Loans
1201,"Vynleads, Inc.","Vynleads, Inc.","Vynleads, Inc."
1202,Wahlen Farms,Wahlen Farms,Wahlen Farms
1203,Warrior Rentals,Warrior Rentals,Warrior Rentals
1204,Wasatch Pest,Wasatch Pest,Wasatch Pest
1205,Waterscape Pools,Waterscape Pools,Waterscape Pools
1206,WeightVest.Com Inc,WeightVest.Com Inc,WeightVest.Com Inc
1207,Weigman Concrete,Weigman Concrete,Weigman Concrete
1208,Westmark,Westmark,
1209,White Eagle & 99 Shots,White Eagle & 99 Shots,White Eagle & 99 Shots
1210,Wild Adventures Corn Maze,Wild Adventures Corn Maze,Wild Adventures Corn Maze
1211,Wild Things,Wild Things,
1212,Wilderness Ridge Adventures,Wilderness Ridge Adventures,Wilderness Ridge Adventures
1213,Wilma Schumann Skincare Co,Wilma Schumann Skincare Co,Wilma Schumann Skincare Co
1214,Window Hero - Corporate,Window Hero - Corporate,Window Hero - Corporate
1215,Window Hero Albuquerque,Window Hero Albuquerque,
1216,Window Hero Birmingham,Window Hero Birmingham,Window Hero Birmingham
1217,Window Hero Boca Raton,Window Hero Boca Raton,Window Hero Boca Raton
1218,Window Hero Charleston,Window Hero Charleston,
1219,Window Hero College Station,Window Hero College Station,Window Hero College Station
1220,Window Hero Columbia,Window Hero Columbia,Window Hero Columbia
1221,Window Hero East Cincinnati,Window Hero East Cincinnati,Window Hero East Cincinnati
1222,Window Hero Franklin,Window Hero Franklin,
1223,Window Hero Greensboro,Window Hero Greensboro,
1224,Window Hero Huntington,Window Hero Huntington,Window Hero Huntington
1225,Window Hero Lake Norman,Window Hero Lake Norman,Window Hero Lake Norman
1226,Window Hero Nashville,Window Hero Nashville,Window Hero Nashville
1227,Window Hero North Columbus,Window Hero North Columbus,Window Hero North Columbus
1228,Window Hero North Tampa,Window Hero North Tampa,Window Hero North Tampa
1229,Window Hero Northeast Reading,Window Hero Northeast Reading,Window Hero Northeast Reading
1230,Window Hero Northwest Omaha,Window Hero Northwest Omaha,Window Hero Northwest Omaha
1231,Window Hero Orlando,Window Hero Orlando,
1232,Window Hero Ormond Beach,Window Hero Ormond Beach,
1233,Window Hero Pensacola/Destin,Window Hero Pensacola/Destin,Window Hero Pensacola/Destin
1234,Window Hero Sarasota,Window Hero Sarasota,
1235,Window Hero Scottsdale Area,Window Hero Scottsdale Area,Window Hero Scottsdale Area
1236,Window Hero Southlake,Window Hero Southlake,Window Hero Southlake
1237,Window Hero The Woodlands,Window Hero The Woodlands,
1238,Window Hero West Houston,Window Hero West Houston,
1239,Window Hero Winston Salem,Window Hero Winston Salem,
1240,Winkler TV and Satellite,Winkler TV and Satellite,Winkler TV and Satellite
1241,Wireless Credit,Wireless Credit,Wireless Credit
1242,Wisdom Tooth Wizard,Wisdom Tooth Wizard,Wisdom Tooth Wizard
1243,Wish Northwest,Wish Northwest,Wish Northwest
1244,Wissam Dandan,Wissam Dandan,"LEBSEO Design, Inc"
1245,Wood River Media,Wood River Media,Wood River Media
1246,Woods Stump Removal,Woods Stump Removal,Woods Stump Removal
1247,Woods SuperMarket,Woods SuperMarket,Woods SuperMarket
1248,Woof Woof Mobile Grooming,Woof Woof Mobile Grooming,Woof Woof Mobile Grooming
1249,Wordbank,Wordbank,Wordbank
1250,Workforce Development Council,Workforce Development Council,Workforce Development Council
1251,World Class Coaching,World Class Coaching,World Class Coaching
1252,World Tread,World Tread,World Tread
1253,Worldlink Medical,Worldlink Medical,Worldlink Medical
1254,Wray Dermatology,Wray Dermatology,Wray Dermatology
1255,Wyatt Oleson,Wyatt Oleson,"Rockin' Pine Remodeling, LLC"
1256,Xcellerate Your Health,Xcellerate Your Health,Xcellerate Your Health
1257,Xtreme,Xtreme,Xtreme
1258,Yellowstone Tours,Yellowstone Tours,Yellowstone Tours
1259,You're Just Jealous,You're Just Jealous,You're Just Jealous
1260,Yuki's Tai Chi,Yuki's Tai Chi,
1261,Zamp HR,Zamp HR,Zamp HR
1262,"Zicom, Inc.","Zicom, Inc.","Zicom, Inc."
1263,Zing Zang,Zing Zang,Zing Zang
1264,ZZ Consulting,ZZ Consulting,ZZ Consulting
